"County Name","Census Tract","Life Expectancy","Lower CI","Upper CI"
"n/a","State Total","78.82","78.77","78.87"
"Adams","53001950100","79.51","76.95","82.07"
"Adams","53001950200","82.2","78.66","85.74"
"Adams","53001950300","77.59","75.62","79.56"
"Adams","53001950400","77.87","75.04","80.7"
"Adams","53001950500","77.81","75.39","80.22"
"Asotin","53003960100","82.2","80.13","84.27"
"Asotin","53003960200","82.67","80.8","84.54"
"Asotin","53003960300","76.68","74.44","78.93"
"Asotin","53003960400","78.03","75.18","80.87"
"Asotin","53003960500","75.64","73.36","77.92"
"Asotin","53003960600","80.81","78.71","82.91"
"Benton","53005010100","83.15","81.58","84.71"
"Benton","53005010201","82.92","80.87","84.97"
"Benton","53005010202","79.95","78.25","81.64"
"Benton","53005010300","83.1","81.37","84.83"
"Benton","53005010400","79.83","77.42","82.25"
"Benton","53005010500","76.89","74.44","79.34"
"Benton","53005010600","76.07","74.1","78.03"
"Benton","53005010701","74.08","70.75","77.4"
"Benton","53005010703","75.69","73.24","78.15"
"Benton","53005010705","80.39","78.21","82.58"
"Benton","53005010707","--","--","--"
"Benton","53005010708","79.09","75.18","83"
"Benton","53005010803","80.31","78.61","82.01"
"Benton","53005010805","81.37","79.02","83.73"
"Benton","53005010807","--","--","--"
"Benton","53005010809","81.5","79.54","83.46"
"Benton","53005010810","86.56","84.45","88.67"
"Benton","53005010811","--","--","--"
"Benton","53005010813","84.07","82.43","85.71"
"Benton","53005010814","--","--","--"
"Benton","53005010901","77.35","75.61","79.09"
"Benton","53005010902","78.01","76","80.03"
"Benton","53005011001","80.4","78.6","82.2"
"Benton","53005011002","80.51","78.06","82.97"
"Benton","53005011100","76.65","75.1","78.21"
"Benton","53005011200","74.06","72.47","75.66"
"Benton","53005011300","78.1","75.94","80.25"
"Benton","53005011401","75.55","73.48","77.62"
"Benton","53005011402","80.63","78.72","82.53"
"Benton","53005011501","76.51","74.83","78.19"
"Benton","53005011503","81.15","79.61","82.69"
"Benton","53005011504","--","--","--"
"Benton","53005011600","--","--","--"
"Benton","53005011700","78.18","76.64","79.72"
"Benton","53005011800","79.69","77.65","81.73"
"Benton","53005011900","79.28","77.29","81.27"
"Benton","53005012000","--","--","--"
"Chelan","53007960100","81.14","78.72","83.57"
"Chelan","53007960200","81.18","79.62","82.75"
"Chelan","53007960300","82.03","80.56","83.5"
"Chelan","53007960400","79.99","77.71","82.27"
"Chelan","53007960500","81.33","79.86","82.81"
"Chelan","53007960600","78.72","76.61","80.83"
"Chelan","53007960700","81.21","78.39","84.02"
"Chelan","53007960801","82.38","80.79","83.97"
"Chelan","53007960802","80.17","78.65","81.7"
"Chelan","53007961000","78.37","76.64","80.11"
"Chelan","53007961100","76.55","75.03","78.07"
"Chelan","53007961200","78.29","75.48","81.1"
"Chelan","53007961301","81.59","78.8","84.38"
"Chelan","53007961302","81.55","80.18","82.92"
"Clallam","53009000200","--","--","--"
"Clallam","53009000300","77.59","75.57","79.62"
"Clallam","53009000400","80.94","77.92","83.97"
"Clallam","53009000600","76.35","73.89","78.81"
"Clallam","53009000700","80.25","78.23","82.27"
"Clallam","53009000800","78.22","76.06","80.39"
"Clallam","53009000900","76.46","73.97","78.96"
"Clallam","53009001000","75.02","72.29","77.76"
"Clallam","53009001100","80.51","77.86","83.15"
"Clallam","53009001200","76.75","74.51","78.99"
"Clallam","53009001300","76.28","73.89","78.67"
"Clallam","53009001400","80.24","78.34","82.14"
"Clallam","53009001500","77.97","75.38","80.57"
"Clallam","53009001600","77.58","74.26","80.9"
"Clallam","53009001700","80.27","78.08","82.46"
"Clallam","53009001800","79.13","76.57","81.69"
"Clallam","53009001900","81.3","79.13","83.46"
"Clallam","53009002000","84.82","83.57","86.08"
"Clallam","53009002100","74.76","72.41","77.1"
"Clallam","53009002300","79.21","76.58","81.84"
"Clallam","53009940000","--","--","--"
"Clallam","53009990100","--","--","--"
"Clark","53011040101","77.43","75.63","79.24"
"Clark","53011040102","81.03","78.36","83.69"
"Clark","53011040201","78.19","76.47","79.92"
"Clark","53011040202","78.71","76.29","81.13"
"Clark","53011040203","78.79","76.9","80.68"
"Clark","53011040301","77.9","74.04","81.77"
"Clark","53011040302","80.76","78.64","82.87"
"Clark","53011040403","80.1","77.98","82.22"
"Clark","53011040407","76.8","74.41","79.18"
"Clark","53011040408","79.33","76.9","81.77"
"Clark","53011040409","81.76","78.55","84.98"
"Clark","53011040411","--","--","--"
"Clark","53011040412","79.87","77.62","82.11"
"Clark","53011040413","79.8","76.41","83.19"
"Clark","53011040414","--","--","--"
"Clark","53011040415","74.86","72.69","77.03"
"Clark","53011040416","79.01","76.6","81.41"
"Clark","53011040504","77.8","75.71","79.89"
"Clark","53011040505","78.1","76.36","79.84"
"Clark","53011040507","78.36","75.6","81.11"
"Clark","53011040508","80.64","78.67","82.61"
"Clark","53011040509","77.48","74.82","80.13"
"Clark","53011040510","83.04","81.06","85.01"
"Clark","53011040511","77.7","74.3","81.09"
"Clark","53011040603","77.89","75.81","79.96"
"Clark","53011040604","77.37","75.3","79.45"
"Clark","53011040605","77.64","75.29","79.98"
"Clark","53011040608","--","--","--"
"Clark","53011040609","--","--","--"
"Clark","53011040610","--","--","--"
"Clark","53011040703","76.39","74.63","78.16"
"Clark","53011040706","76.92","74.32","79.53"
"Clark","53011040707","77.39","75.38","79.39"
"Clark","53011040709","82.48","80.24","84.72"
"Clark","53011040710","79.96","77.89","82.03"
"Clark","53011040711","--","--","--"
"Clark","53011040712","78.21","75.84","80.57"
"Clark","53011040803","83.69","81.63","85.75"
"Clark","53011040805","77.37","75.56","79.18"
"Clark","53011040806","80.3","77.69","82.9"
"Clark","53011040808","77.56","74.79","80.33"
"Clark","53011040809","77.78","75.56","80"
"Clark","53011040810","78.35","75.21","81.49"
"Clark","53011040904","77.97","76.07","79.87"
"Clark","53011040905","79.6","76.15","83.05"
"Clark","53011040907","78.16","76.07","80.24"
"Clark","53011040908","79.82","77.85","81.78"
"Clark","53011040909","79.57","77.88","81.26"
"Clark","53011040910","78.6","75.74","81.46"
"Clark","53011041003","77.38","75.32","79.44"
"Clark","53011041005","73.65","70.7","76.6"
"Clark","53011041007","77.38","75.5","79.25"
"Clark","53011041008","81.67","79.76","83.59"
"Clark","53011041009","76.49","74.41","78.57"
"Clark","53011041010","76.48","73.89","79.07"
"Clark","53011041011","79.14","77","81.28"
"Clark","53011041104","76.28","73.57","78.99"
"Clark","53011041105","78.57","76.72","80.41"
"Clark","53011041107","79.97","77.22","82.71"
"Clark","53011041108","80.78","78.9","82.66"
"Clark","53011041110","79.27","77.5","81.04"
"Clark","53011041111","--","--","--"
"Clark","53011041112","87.69","84.53","90.84"
"Clark","53011041201","78.02","76.42","79.63"
"Clark","53011041203","82.44","80.17","84.7"
"Clark","53011041205","73.68","71.77","75.6"
"Clark","53011041206","77.31","75.49","79.14"
"Clark","53011041309","77.97","76.36","79.59"
"Clark","53011041310","84.24","83.07","85.42"
"Clark","53011041312","78.54","76.11","80.97"
"Clark","53011041313","--","--","--"
"Clark","53011041317","77","74.9","79.09"
"Clark","53011041318","78.67","76.56","80.77"
"Clark","53011041319","77.11","75.17","79.06"
"Clark","53011041320","78.86","76.59","81.12"
"Clark","53011041321","77.47","75.12","79.82"
"Clark","53011041322","78.09","76.08","80.1"
"Clark","53011041323","78.65","76.85","80.45"
"Clark","53011041325","78.73","76.26","81.2"
"Clark","53011041326","--","--","--"
"Clark","53011041327","78.07","76.06","80.09"
"Clark","53011041328","79.17","77.32","81.03"
"Clark","53011041329","--","--","--"
"Clark","53011041330","76.74","74.66","78.83"
"Clark","53011041331","--","--","--"
"Clark","53011041332","77.41","75.19","79.63"
"Clark","53011041333","79.54","77.15","81.93"
"Clark","53011041400","79.15","77.37","80.92"
"Clark","53011041500","77.17","74.6","79.73"
"Clark","53011041600","77.14","74.59","79.69"
"Clark","53011041700","75.63","73.04","78.23"
"Clark","53011041800","73.83","71.45","76.22"
"Clark","53011041900","72.98","70.34","75.61"
"Clark","53011042000","79.59","76.08","83.1"
"Clark","53011042100","75.48","72.57","78.4"
"Clark","53011042300","75.6","73.05","78.15"
"Clark","53011042400","77.69","74.61","80.76"
"Clark","53011042500","--","--","--"
"Clark","53011042600","75.44","73.68","77.19"
"Clark","53011042700","79.62","77.41","81.83"
"Clark","53011042800","77.27","74.63","79.91"
"Clark","53011042900","78.91","75.35","82.47"
"Clark","53011043000","80.03","76.87","83.19"
"Clark","53011043100","79.74","78.07","81.41"
"Columbia","53013960200","78.7","76.49","80.9"
"Cowlitz","53015000300","--","--","--"
"Cowlitz","53015000400","78.55","76.33","80.77"
"Cowlitz","53015000501","75.17","72.7","77.64"
"Cowlitz","53015000502","69.46","67.22","71.7"
"Cowlitz","53015000601","75.98","73.86","78.09"
"Cowlitz","53015000602","80.34","77.76","82.92"
"Cowlitz","53015000702","79.78","77.64","81.92"
"Cowlitz","53015000703","--","--","--"
"Cowlitz","53015000704","79.1","77.5","80.7"
"Cowlitz","53015000800","83.17","81.87","84.46"
"Cowlitz","53015000900","75.67","74.04","77.3"
"Cowlitz","53015001000","--","--","--"
"Cowlitz","53015001100","72.98","71.22","74.73"
"Cowlitz","53015001200","79.67","77.79","81.56"
"Cowlitz","53015001300","74.96","72.68","77.24"
"Cowlitz","53015001501","76.62","73.54","79.7"
"Cowlitz","53015001502","76.99","75.49","78.49"
"Cowlitz","53015001600","77.78","76.11","79.45"
"Cowlitz","53015001700","80.34","78.55","82.13"
"Cowlitz","53015001800","75.75","72.36","79.13"
"Cowlitz","53015001900","77.7","75.68","79.72"
"Cowlitz","53015002001","77.99","75.72","80.25"
"Cowlitz","53015002002","78.79","77.26","80.32"
"Cowlitz","53015002100","66.06","64.13","68"
"Douglas","53017950100","82.08","80.42","83.74"
"Douglas","53017950200","81.15","77.78","84.51"
"Douglas","53017950300","80.35","78.38","82.31"
"Douglas","53017950400","84.19","82.25","86.13"
"Douglas","53017950500","76.98","74.74","79.22"
"Douglas","53017950600","81.67","79.67","83.68"
"Douglas","53017950700","78.7","76.51","80.9"
"Douglas","53017950800","77.1","75.51","78.68"
"Ferry","53019940000","--","--","--"
"Ferry","53019970100","80.11","77.41","82.81"
"Ferry","53019970200","76.9","74.07","79.72"
"Franklin","53021020100","77.05","74.9","79.2"
"Franklin","53021020200","75.43","73.22","77.65"
"Franklin","53021020300","79.97","77.88","82.05"
"Franklin","53021020400","74.82","73.31","76.33"
"Franklin","53021020501","82.49","79.67","85.31"
"Franklin","53021020502","80.22","78.68","81.76"
"Franklin","53021020601","80.71","78.83","82.6"
"Franklin","53021020603","--","--","--"
"Franklin","53021020605","81.42","79.04","83.81"
"Franklin","53021020606","--","--","--"
"Franklin","53021020700","--","--","--"
"Franklin","53021020800","83.64","81.58","85.7"
"Franklin","53021980100","--","--","--"
"Garfield","53023970300","80.99","78.3","83.68"
"Grant","53025010100","74.99","72.48","77.49"
"Grant","53025010200","80.48","77.4","83.56"
"Grant","53025010300","76.21","74.06","78.37"
"Grant","53025010400","77.4","75.72","79.07"
"Grant","53025010500","80.18","77.46","82.9"
"Grant","53025010600","79.93","78","81.86"
"Grant","53025010700","79.04","76.54","81.53"
"Grant","53025010800","77.85","74.99","80.72"
"Grant","53025010901","--","--","--"
"Grant","53025010902","77.15","75.8","78.49"
"Grant","53025011000","78.37","77.02","79.72"
"Grant","53025011100","78.32","76.61","80.04"
"Grant","53025011200","80.65","78.65","82.65"
"Grant","53025011300","77.32","74.93","79.7"
"Grant","53025011401","--","--","--"
"Grant","53025011402","83.39","81.45","85.33"
"Grays Harbor","53027000200","76.88","74.8","78.97"
"Grays Harbor","53027000300","78.72","76.49","80.95"
"Grays Harbor","53027000400","77.17","75.63","78.71"
"Grays Harbor","53027000500","77.07","75.5","78.64"
"Grays Harbor","53027000600","73.74","71.47","76"
"Grays Harbor","53027000700","76.01","74.05","77.97"
"Grays Harbor","53027000800","78.43","76.48","80.39"
"Grays Harbor","53027000900","75.27","73.75","76.8"
"Grays Harbor","53027001000","71.95","69.72","74.19"
"Grays Harbor","53027001100","76.45","74.18","78.72"
"Grays Harbor","53027001200","76.07","74.18","77.96"
"Grays Harbor","53027001300","71.47","69.32","73.62"
"Grays Harbor","53027001400","73.46","70.38","76.54"
"Grays Harbor","53027001500","76.31","74.26","78.35"
"Grays Harbor","53027001600","77.46","75.75","79.18"
"Grays Harbor","53027940000","--","--","--"
"Grays Harbor","53027990000","--","--","--"
"Island","53029970100","78.21","75.76","80.65"
"Island","53029970200","--","--","--"
"Island","53029970300","79.61","77.87","81.36"
"Island","53029970400","78.74","76.76","80.73"
"Island","53029970500","80.58","78.96","82.2"
"Island","53029970601","80.19","77.53","82.85"
"Island","53029970602","77.15","75.25","79.05"
"Island","53029970700","78.93","75.34","82.52"
"Island","53029970800","80.36","77.73","83"
"Island","53029970900","--","--","--"
"Island","53029971000","80.53","79","82.06"
"Island","53029971100","81.03","78.34","83.72"
"Island","53029971300","81.11","78.68","83.54"
"Island","53029971400","81.19","78.77","83.61"
"Island","53029971500","82.18","80.01","84.35"
"Island","53029971600","80.45","78.41","82.49"
"Island","53029971700","80.72","78.93","82.51"
"Island","53029971800","78.36","75.14","81.57"
"Island","53029971900","81.81","78.84","84.78"
"Island","53029972000","81.62","79.26","83.98"
"Island","53029972100","81.18","78.79","83.57"
"Island","53029992201","--","--","--"
"Jefferson","53031950202","79.07","75.66","82.48"
"Jefferson","53031950300","82.13","80.53","83.72"
"Jefferson","53031950400","78.91","76.49","81.33"
"Jefferson","53031950500","82.64","80.81","84.47"
"Jefferson","53031950601","79.37","77.72","81.03"
"Jefferson","53031950602","81.99","79.16","84.82"
"Jefferson","53031950702","81.04","77.82","84.26"
"Jefferson","53031990000","--","--","--"
"King","53033000100","82.32","80.49","84.15"
"King","53033000200","80.54","79.05","82.03"
"King","53033000300","76.55","73.78","79.33"
"King","53033000401","77.92","76.13","79.7"
"King","53033000402","77.02","75.38","78.66"
"King","53033000500","84.1","82.51","85.69"
"King","53033000600","84.96","83.33","86.59"
"King","53033000700","80.35","77.97","82.72"
"King","53033000800","78.29","76.09","80.48"
"King","53033000900","83.63","80.97","86.29"
"King","53033001000","80.18","77.13","83.23"
"King","53033001100","80.18","77.7","82.66"
"King","53033001200","79.48","77.47","81.48"
"King","53033001300","78.23","76.13","80.32"
"King","53033001400","81.23","79.64","82.83"
"King","53033001500","82.84","80.61","85.08"
"King","53033001600","84.32","82.97","85.67"
"King","53033001701","78.14","75.82","80.46"
"King","53033001702","75.78","73.58","77.98"
"King","53033001800","76.36","73.79","78.93"
"King","53033001900","82.6","80.15","85.05"
"King","53033002000","83.07","80.61","85.53"
"King","53033002100","81.7","79.56","83.84"
"King","53033002200","84.01","82.54","85.48"
"King","53033002400","85.82","83.73","87.91"
"King","53033002500","81.41","78.96","83.85"
"King","53033002600","81.89","79.97","83.82"
"King","53033002700","84.35","82.52","86.18"
"King","53033002800","81","78.95","83.06"
"King","53033002900","82.76","80.04","85.48"
"King","53033003000","79.79","77.92","81.67"
"King","53033003100","81.58","80.08","83.09"
"King","53033003200","80.63","79.16","82.1"
"King","53033003300","81.78","79.88","83.69"
"King","53033003400","80.87","78.65","83.09"
"King","53033003500","79.34","77.14","81.53"
"King","53033003600","81.46","79.53","83.4"
"King","53033003800","80.59","77.51","83.67"
"King","53033003900","83.67","81.04","86.29"
"King","53033004000","84.26","81.9","86.61"
"King","53033004100","86.01","84.53","87.49"
"King","53033004200","83.2","81.69","84.71"
"King","53033004301","84.95","81.74","88.16"
"King","53033004302","--","--","--"
"King","53033004400","82.17","79.77","84.57"
"King","53033004500","77.58","74.39","80.78"
"King","53033004600","80.34","78.14","82.55"
"King","53033004700","83.04","80.96","85.11"
"King","53033004800","80.1","77.55","82.65"
"King","53033004900","78.92","77.06","80.79"
"King","53033005000","84.97","82.22","87.72"
"King","53033005100","83.43","80.88","85.98"
"King","53033005200","80.32","78.11","82.53"
"King","53033005301","--","--","--"
"King","53033005302","--","--","--"
"King","53033005400","82.2","79.89","84.52"
"King","53033005600","83.97","82.74","85.2"
"King","53033005700","84.37","82.6","86.14"
"King","53033005801","82.41","80.33","84.48"
"King","53033005802","79.94","77.75","82.14"
"King","53033005900","80.28","78.56","82.01"
"King","53033006000","77.45","75.56","79.34"
"King","53033006100","83.44","81.68","85.2"
"King","53033006200","83.56","82","85.13"
"King","53033006300","84.64","82.91","86.37"
"King","53033006400","82.37","80.12","84.62"
"King","53033006500","85.54","82.79","88.29"
"King","53033006600","--","--","--"
"King","53033006700","87.62","85.39","89.84"
"King","53033006800","79.63","77.53","81.74"
"King","53033006900","82.13","80.12","84.14"
"King","53033007000","81.55","79.85","83.25"
"King","53033007100","79.27","76.52","82.02"
"King","53033007200","81.65","79.03","84.27"
"King","53033007300","--","--","--"
"King","53033007401","79.97","77.49","82.45"
"King","53033007402","73.12","69.38","76.85"
"King","53033007500","77.39","75.38","79.41"
"King","53033007600","79.69","76.32","83.06"
"King","53033007700","72.25","70.09","74.41"
"King","53033007800","80.89","79.16","82.62"
"King","53033007900","75.82","73.28","78.37"
"King","53033008001","81.51","78.42","84.61"
"King","53033008002","--","--","--"
"King","53033008100","71.48","69.05","73.91"
"King","53033008200","77.79","75.2","80.37"
"King","53033008300","--","--","--"
"King","53033008400","77.85","74.97","80.74"
"King","53033008500","82.07","78.73","85.42"
"King","53033008600","68.07","64.62","71.52"
"King","53033008700","71.96","69.6","74.31"
"King","53033008800","74.62","72.13","77.1"
"King","53033008900","74.6","72.57","76.62"
"King","53033009000","80.14","77.49","82.78"
"King","53033009100","83.67","81.14","86.2"
"King","53033009200","79.31","76.09","82.52"
"King","53033009300","80.78","77.84","83.72"
"King","53033009400","80.32","78.16","82.49"
"King","53033009500","78.31","76.39","80.24"
"King","53033009600","79.72","78","81.44"
"King","53033009701","83.29","81.4","85.19"
"King","53033009702","79.32","77.91","80.74"
"King","53033009800","81.4","79.6","83.19"
"King","53033009900","81.27","78.73","83.81"
"King","53033010001","82.19","80.03","84.36"
"King","53033010002","81.96","80.21","83.7"
"King","53033010100","78.83","77.09","80.57"
"King","53033010200","81.11","79.15","83.06"
"King","53033010300","78.39","76.55","80.23"
"King","53033010401","83.28","81","85.55"
"King","53033010402","84.4","82.49","86.32"
"King","53033010500","77.59","75.81","79.37"
"King","53033010600","82.69","81.07","84.32"
"King","53033010701","74.94","72.14","77.75"
"King","53033010702","81.62","78.32","84.92"
"King","53033010800","77.42","75.41","79.43"
"King","53033010900","--","--","--"
"King","53033011001","76.9","74.54","79.25"
"King","53033011002","78.31","76.06","80.56"
"King","53033011101","75.3","73.15","77.45"
"King","53033011102","78.63","76.9","80.36"
"King","53033011200","71.81","69.29","74.32"
"King","53033011300","78.16","76.27","80.04"
"King","53033011401","81.69","79.44","83.95"
"King","53033011402","77.05","74.76","79.34"
"King","53033011500","78.64","76.87","80.41"
"King","53033011600","81.48","79.54","83.43"
"King","53033011700","79.4","77.71","81.09"
"King","53033011800","76.66","74.85","78.48"
"King","53033011900","80.79","79.18","82.41"
"King","53033012000","79.38","77.12","81.65"
"King","53033012100","83.48","81.28","85.68"
"King","53033020100","81.23","79.4","83.07"
"King","53033020200","81.25","79.83","82.66"
"King","53033020300","78.13","76.37","79.89"
"King","53033020401","79.57","77.7","81.45"
"King","53033020402","82.31","80.27","84.36"
"King","53033020500","79.11","77.6","80.62"
"King","53033020600","81.3","79.51","83.09"
"King","53033020700","77.91","75.88","79.95"
"King","53033020800","81.85","79.75","83.94"
"King","53033020900","78.06","75.85","80.26"
"King","53033021000","80.41","78.65","82.16"
"King","53033021100","74.54","72.46","76.62"
"King","53033021300","78.74","77.05","80.43"
"King","53033021400","82.38","80.32","84.43"
"King","53033021500","82.23","80.61","83.86"
"King","53033021600","83.39","81.76","85.02"
"King","53033021700","78.57","76.79","80.34"
"King","53033021802","79.27","77.21","81.33"
"King","53033021803","80.52","78.4","82.64"
"King","53033021804","78.34","76.58","80.09"
"King","53033021903","79.61","78.08","81.15"
"King","53033021904","78.17","76.29","80.05"
"King","53033021905","79.9","78.22","81.57"
"King","53033021906","82.88","80.74","85.03"
"King","53033022001","79.75","77.59","81.92"
"King","53033022003","79.14","77.36","80.92"
"King","53033022005","81","79.26","82.74"
"King","53033022006","77.12","75.17","79.08"
"King","53033022101","82.41","80.62","84.2"
"King","53033022102","80.88","79.24","82.52"
"King","53033022201","85.85","83.06","88.63"
"King","53033022202","80.46","78.88","82.03"
"King","53033022203","80.54","78.78","82.31"
"King","53033022300","84.19","82.01","86.38"
"King","53033022400","81.56","80.18","82.94"
"King","53033022500","84.13","82.29","85.97"
"King","53033022603","82.12","79.77","84.48"
"King","53033022604","81.86","79.95","83.77"
"King","53033022605","82.05","79.77","84.33"
"King","53033022606","84.52","82.62","86.42"
"King","53033022701","84.23","82.37","86.1"
"King","53033022702","82.23","80.23","84.23"
"King","53033022703","82.36","80.11","84.62"
"King","53033022801","85.51","83.58","87.44"
"King","53033022802","83.2","81.55","84.85"
"King","53033022803","98.06","94.32","101.8"
"King","53033022901","80.85","78.86","82.84"
"King","53033022902","85.32","83.7","86.94"
"King","53033023000","81.77","80.3","83.24"
"King","53033023100","81.15","79.28","83.02"
"King","53033023201","84.42","82.42","86.42"
"King","53033023202","83.67","81.76","85.58"
"King","53033023300","81.44","79.95","82.92"
"King","53033023401","79.86","78.1","81.61"
"King","53033023403","83.53","82.02","85.05"
"King","53033023404","--","--","--"
"King","53033023500","84.19","82.64","85.74"
"King","53033023601","84.89","83.2","86.57"
"King","53033023603","81.85","80.03","83.67"
"King","53033023604","82.61","80.84","84.38"
"King","53033023700","81.24","79.63","82.85"
"King","53033023801","81.98","79.93","84.03"
"King","53033023803","--","--","--"
"King","53033023804","82.36","78.83","85.89"
"King","53033023900","83.95","82.58","85.32"
"King","53033024000","86.18","85.02","87.34"
"King","53033024100","84.29","82.23","86.34"
"King","53033024200","84.07","82.03","86.12"
"King","53033024300","86.66","85.2","88.12"
"King","53033024400","84","81.54","86.46"
"King","53033024500","85.82","84.57","87.08"
"King","53033024601","85.21","83.89","86.53"
"King","53033024602","84.41","81.18","87.65"
"King","53033024701","83.81","82.1","85.52"
"King","53033024702","83.19","81.76","84.63"
"King","53033024800","80.92","79.09","82.74"
"King","53033024901","82.26","80.19","84.33"
"King","53033024902","80.28","78.32","82.25"
"King","53033024903","84.2","83","85.41"
"King","53033025001","81.2","79.44","82.95"
"King","53033025003","82.14","80.38","83.9"
"King","53033025005","--","--","--"
"King","53033025006","--","--","--"
"King","53033025101","80.22","78.37","82.08"
"King","53033025102","80.35","77.91","82.78"
"King","53033025200","79.21","77.67","80.75"
"King","53033025301","80.96","78.79","83.13"
"King","53033025302","79.57","77.01","82.14"
"King","53033025400","78.81","77.09","80.53"
"King","53033025500","81.04","79.04","83.03"
"King","53033025601","80.56","78.36","82.76"
"King","53033025602","81.5","79.31","83.68"
"King","53033025701","79.72","78.12","81.33"
"King","53033025702","77.01","74.49","79.53"
"King","53033025803","80.3","77.99","82.61"
"King","53033025804","76.32","74.17","78.47"
"King","53033025805","77.78","75.66","79.89"
"King","53033025806","80.24","78.36","82.12"
"King","53033026001","79.19","77.44","80.95"
"King","53033026002","78.48","76.77","80.19"
"King","53033026100","79.87","78.12","81.63"
"King","53033026200","79.49","77.36","81.62"
"King","53033026300","--","--","--"
"King","53033026400","80.12","78.2","82.04"
"King","53033026500","76.99","74.5","79.49"
"King","53033026600","77.06","74.23","79.89"
"King","53033026700","80.8","78.99","82.62"
"King","53033026801","74.09","72.09","76.08"
"King","53033026802","78.51","76.71","80.31"
"King","53033027000","76.79","74.13","79.44"
"King","53033027100","78.98","76.21","81.76"
"King","53033027200","74.96","71.77","78.15"
"King","53033027300","77.9","76.03","79.77"
"King","53033027400","78.06","76.34","79.78"
"King","53033027500","76.14","74.21","78.07"
"King","53033027600","78.78","76.85","80.72"
"King","53033027701","81.09","79.32","82.87"
"King","53033027702","82.2","80.51","83.89"
"King","53033027800","81.73","78.85","84.61"
"King","53033027900","81.39","79.63","83.15"
"King","53033028000","77.53","75.11","79.94"
"King","53033028100","75.67","72.16","79.18"
"King","53033028200","79.54","77.12","81.96"
"King","53033028300","79.86","77.67","82.04"
"King","53033028402","78.5","76.53","80.47"
"King","53033028403","78.89","76.89","80.89"
"King","53033028500","78.11","75.86","80.36"
"King","53033028600","82.17","80.36","83.98"
"King","53033028700","80.88","79.4","82.37"
"King","53033028801","74.38","72.06","76.7"
"King","53033028802","76","74.25","77.75"
"King","53033028901","85.11","82.37","87.84"
"King","53033028902","73.51","71.84","75.18"
"King","53033029001","79.3","77.46","81.15"
"King","53033029003","82.13","79.93","84.34"
"King","53033029004","76","73.48","78.53"
"King","53033029101","--","--","--"
"King","53033029102","79.51","77.51","81.51"
"King","53033029203","77.35","74.39","80.32"
"King","53033029204","82.02","80.03","84"
"King","53033029205","74.69","72.54","76.84"
"King","53033029206","80.64","78.19","83.1"
"King","53033029303","80.63","78.97","82.3"
"King","53033029304","79.75","77.84","81.67"
"King","53033029305","82.67","80.68","84.66"
"King","53033029306","83.22","80.63","85.81"
"King","53033029307","80.61","78.12","83.1"
"King","53033029403","79.86","78.18","81.55"
"King","53033029405","77.43","75.2","79.66"
"King","53033029406","81.14","79.39","82.9"
"King","53033029407","77.54","75.2","79.87"
"King","53033029408","83.74","80.58","86.91"
"King","53033029502","80.93","78.85","83.01"
"King","53033029503","80.6","78.57","82.64"
"King","53033029504","80.71","78.73","82.68"
"King","53033029601","79.24","77.23","81.25"
"King","53033029602","79.44","77.43","81.44"
"King","53033029700","80.82","79.06","82.58"
"King","53033029801","78.73","77.33","80.13"
"King","53033029802","77.71","76.32","79.09"
"King","53033029901","77.22","75.18","79.26"
"King","53033029902","79.26","76.84","81.68"
"King","53033030003","78.69","76.7","80.68"
"King","53033030004","80.49","78.05","82.93"
"King","53033030005","78.31","76.34","80.28"
"King","53033030006","78.17","75.99","80.34"
"King","53033030100","81.81","80.61","83.02"
"King","53033030201","81.58","79.6","83.56"
"King","53033030202","74.66","73.17","76.14"
"King","53033030304","80.99","77.82","84.16"
"King","53033030305","80.51","78.87","82.15"
"King","53033030306","79.09","77.3","80.88"
"King","53033030308","81.6","79.4","83.8"
"King","53033030309","81.96","79.57","84.35"
"King","53033030310","81.03","78.84","83.22"
"King","53033030311","78.05","76.14","79.95"
"King","53033030312","83.81","80.87","86.75"
"King","53033030313","75.65","73.38","77.92"
"King","53033030314","75.37","73.64","77.1"
"King","53033030401","80.04","78.21","81.87"
"King","53033030403","78.31","76.2","80.41"
"King","53033030404","78","76","80"
"King","53033030501","74.58","71.01","78.15"
"King","53033030503","79.88","77.87","81.89"
"King","53033030504","77.88","75.86","79.9"
"King","53033030600","76.96","75.09","78.82"
"King","53033030700","75.32","73.18","77.46"
"King","53033030801","71.4","69.88","72.91"
"King","53033030802","74.52","72.38","76.66"
"King","53033030901","77.52","74.55","80.49"
"King","53033030902","76.75","74.6","78.9"
"King","53033031000","--","--","--"
"King","53033031100","77.6","75.97","79.23"
"King","53033031202","80.13","78.15","82.11"
"King","53033031204","78.74","76.84","80.65"
"King","53033031205","79.11","76.85","81.37"
"King","53033031206","--","--","--"
"King","53033031301","80.8","78.21","83.39"
"King","53033031302","78.35","76.3","80.4"
"King","53033031400","79.54","77.85","81.23"
"King","53033031501","81.97","78.58","85.35"
"King","53033031502","78.27","76.13","80.4"
"King","53033031601","81.01","79.07","82.94"
"King","53033031603","77.72","75.45","79.98"
"King","53033031604","--","--","--"
"King","53033031605","81.97","79.73","84.22"
"King","53033031703","81.79","80.05","83.53"
"King","53033031704","80.59","78.14","83.03"
"King","53033031705","75.84","72.72","78.97"
"King","53033031706","83.7","80.31","87.1"
"King","53033031800","78.61","76.33","80.89"
"King","53033031903","79.27","77.61","80.93"
"King","53033031904","78.8","76.72","80.89"
"King","53033031906","81.54","79.33","83.76"
"King","53033031907","81.68","80.1","83.26"
"King","53033031908","83.6","81.4","85.81"
"King","53033031909","79.29","77","81.58"
"King","53033032002","82.73","80.08","85.39"
"King","53033032003","81.31","79.59","83.02"
"King","53033032005","75.38","73.42","77.35"
"King","53033032006","83.38","81.15","85.62"
"King","53033032007","79.93","77.44","82.43"
"King","53033032008","78.36","75.76","80.96"
"King","53033032010","82.09","79.71","84.47"
"King","53033032011","--","--","--"
"King","53033032102","78.7","76.48","80.93"
"King","53033032103","77","75.08","78.93"
"King","53033032104","80.15","78.59","81.7"
"King","53033032203","81.5","79.72","83.29"
"King","53033032207","--","--","--"
"King","53033032208","83.03","81.28","84.77"
"King","53033032210","82.65","80.91","84.38"
"King","53033032211","80.19","78.17","82.21"
"King","53033032212","81.45","79.58","83.33"
"King","53033032213","--","--","--"
"King","53033032214","--","--","--"
"King","53033032215","--","--","--"
"King","53033032307","81.09","79.42","82.77"
"King","53033032309","81.01","78.92","83.11"
"King","53033032311","78.92","77.03","80.81"
"King","53033032313","80.31","78.25","82.38"
"King","53033032315","79.89","78.04","81.74"
"King","53033032316","82.6","80.58","84.63"
"King","53033032317","85.12","82.93","87.31"
"King","53033032318","--","--","--"
"King","53033032319","81.68","79.2","84.17"
"King","53033032320","80.4","78.27","82.53"
"King","53033032321","82.87","80.74","85.01"
"King","53033032322","--","--","--"
"King","53033032323","82.53","80.42","84.64"
"King","53033032324","84.97","82.66","87.28"
"King","53033032325","80.17","77.62","82.73"
"King","53033032326","86.85","84.32","89.37"
"King","53033032327","--","--","--"
"King","53033032328","--","--","--"
"King","53033032329","--","--","--"
"King","53033032401","81.89","79.3","84.49"
"King","53033032402","77.29","75.16","79.42"
"King","53033032500","81.33","78.95","83.7"
"King","53033032601","80.55","78.38","82.72"
"King","53033032602","83.82","81.46","86.18"
"King","53033032702","79.77","77.69","81.85"
"King","53033032703","--","--","--"
"King","53033032704","78.27","76.61","79.92"
"King","53033032800","81.38","79.34","83.41"
"King","53033990100","--","--","--"
"Kitsap","53035080101","80.46","78.01","82.9"
"Kitsap","53035080102","75.97","74.02","77.92"
"Kitsap","53035080200","77.61","75.46","79.76"
"Kitsap","53035080300","71.1","68.68","73.52"
"Kitsap","53035080400","75.94","73.45","78.42"
"Kitsap","53035080500","75.02","71.69","78.35"
"Kitsap","53035080600","77.67","75.77","79.57"
"Kitsap","53035080700","77.81","75.68","79.94"
"Kitsap","53035080800","--","--","--"
"Kitsap","53035080900","78","75.65","80.35"
"Kitsap","53035081000","71.75","69.4","74.11"
"Kitsap","53035081100","68.75","66.15","71.35"
"Kitsap","53035081200","75.65","72.93","78.38"
"Kitsap","53035081400","--","--","--"
"Kitsap","53035090101","77.79","75.69","79.9"
"Kitsap","53035090102","81.2","79.45","82.96"
"Kitsap","53035090201","81.5","79.43","83.56"
"Kitsap","53035090202","80.45","78.35","82.55"
"Kitsap","53035090300","--","--","--"
"Kitsap","53035090400","78.94","76.65","81.23"
"Kitsap","53035090501","78.95","77.24","80.67"
"Kitsap","53035090502","80.89","79.06","82.72"
"Kitsap","53035090700","80.12","77.99","82.24"
"Kitsap","53035090800","83.13","81.5","84.76"
"Kitsap","53035090900","82.98","81.28","84.68"
"Kitsap","53035091000","82.15","80.61","83.69"
"Kitsap","53035091100","79.64","77.57","81.71"
"Kitsap","53035091201","79.91","77.71","82.1"
"Kitsap","53035091203","82.45","80.54","84.37"
"Kitsap","53035091204","81.51","79.14","83.87"
"Kitsap","53035091301","81.12","78.79","83.44"
"Kitsap","53035091302","80.06","78.01","82.11"
"Kitsap","53035091400","79.02","76.17","81.87"
"Kitsap","53035091500","81.46","79.34","83.58"
"Kitsap","53035091600","80.15","78.56","81.73"
"Kitsap","53035091700","79.67","78.18","81.17"
"Kitsap","53035091800","77.37","74.45","80.3"
"Kitsap","53035091900","80.26","77.95","82.56"
"Kitsap","53035092000","79.73","77.7","81.77"
"Kitsap","53035092100","78.99","77.44","80.55"
"Kitsap","53035092200","76.04","74.51","77.56"
"Kitsap","53035092300","80.14","78.31","81.97"
"Kitsap","53035092400","78.41","76.7","80.12"
"Kitsap","53035092500","77.78","75.99","79.56"
"Kitsap","53035092600","79.81","78.25","81.37"
"Kitsap","53035092701","78.79","76.86","80.73"
"Kitsap","53035092704","83.11","81.21","85.01"
"Kitsap","53035092801","78.22","76.23","80.2"
"Kitsap","53035092802","77.69","75.4","79.98"
"Kitsap","53035092803","77.26","74.61","79.91"
"Kitsap","53035092901","78.33","76.43","80.22"
"Kitsap","53035092902","77.76","75.69","79.83"
"Kitsap","53035940000","82.52","80.05","85"
"Kitsap","53035940100","79.94","78.12","81.75"
"Kitsap","53035990100","--","--","--"
"Kittitas","53037975100","81.3","79.45","83.15"
"Kittitas","53037975200","81.88","80.39","83.38"
"Kittitas","53037975300","79.7","77.48","81.93"
"Kittitas","53037975401","81.06","78.92","83.2"
"Kittitas","53037975402","80.05","78.39","81.72"
"Kittitas","53037975500","79.51","77.3","81.71"
"Kittitas","53037975600","74.68","70.82","78.54"
"Kittitas","53037975700","82.9","80.91","84.88"
"Klickitat","53039950100","78.2","76.7","79.71"
"Klickitat","53039950200","79.81","77.73","81.89"
"Klickitat","53039950300","83.81","82.33","85.28"
"Lewis","53041970100","81.22","78.17","84.27"
"Lewis","53041970200","74.53","71.4","77.66"
"Lewis","53041970300","77.67","76","79.35"
"Lewis","53041970400","75.84","74.23","77.46"
"Lewis","53041970500","78.13","75.27","80.98"
"Lewis","53041970600","73.51","70.55","76.48"
"Lewis","53041970700","75.73","73.74","77.73"
"Lewis","53041970800","78.91","76.66","81.16"
"Lewis","53041970900","77.99","74.65","81.33"
"Lewis","53041971000","80.08","77.22","82.94"
"Lewis","53041971100","76.58","74.29","78.87"
"Lewis","53041971200","78.78","76.24","81.31"
"Lewis","53041971300","78.48","76.54","80.42"
"Lewis","53041971400","78.14","75.15","81.13"
"Lewis","53041971500","76.44","74.95","77.93"
"Lewis","53041971600","77.73","75.82","79.64"
"Lewis","53041971700","75.94","73.65","78.23"
"Lewis","53041971800","76.87","74.28","79.45"
"Lewis","53041971900","76.5","74.39","78.62"
"Lewis","53041972000","77.33","74.27","80.4"
"Lincoln","53043960100","78.23","75.08","81.37"
"Lincoln","53043960200","80.93","78.39","83.47"
"Lincoln","53043960300","81.83","79.34","84.32"
"Lincoln","53043960400","79.44","77.07","81.81"
"Mason","53045940000","--","--","--"
"Mason","53045960100","--","--","--"
"Mason","53045960200","77.15","74.77","79.54"
"Mason","53045960300","78.28","76.24","80.33"
"Mason","53045960400","79.37","77.66","81.07"
"Mason","53045960500","77.95","75.23","80.67"
"Mason","53045960600","79.34","77.41","81.27"
"Mason","53045960700","78.94","75.23","82.65"
"Mason","53045960800","70.63","68.27","72.99"
"Mason","53045960900","75.03","72.61","77.45"
"Mason","53045961000","78.11","76.35","79.86"
"Mason","53045961100","77.71","75.59","79.84"
"Mason","53045961200","81.36","78.82","83.9"
"Mason","53045961300","78.39","76.02","80.76"
"Okanogan","53047940100","81.56","78.56","84.56"
"Okanogan","53047940200","79.75","76.49","83.01"
"Okanogan","53047970300","79.64","77.7","81.58"
"Okanogan","53047970400","77.72","75.78","79.67"
"Okanogan","53047970500","80.63","77.98","83.29"
"Okanogan","53047970600","77.7","76.13","79.28"
"Okanogan","53047970700","78.38","76.36","80.4"
"Okanogan","53047970800","82.23","80.48","83.98"
"Okanogan","53047970900","--","--","--"
"Okanogan","53047971000","82.91","81.22","84.59"
"Pacific","53049950200","76.17","74.22","78.11"
"Pacific","53049950300","77.33","74.87","79.79"
"Pacific","53049950400","81.54","79.61","83.48"
"Pacific","53049950500","79.18","75.59","82.77"
"Pacific","53049950600","--","--","--"
"Pacific","53049950700","77.51","75.45","79.57"
"Pacific","53049950800","--","--","--"
"Pacific","53049990100","--","--","--"
"Pend Oreille","53051970100","--","--","--"
"Pend Oreille","53051970200","80.23","77.47","83"
"Pend Oreille","53051970300","75.67","73.46","77.88"
"Pend Oreille","53051970400","75.36","71.9","78.83"
"Pend Oreille","53051970500","77.85","75.33","80.38"
"Pierce","53053060200","--","--","--"
"Pierce","53053060300","78.2","76.09","80.32"
"Pierce","53053060400","76.15","74.03","78.27"
"Pierce","53053060500","80.54","78.66","82.42"
"Pierce","53053060600","77.43","75.64","79.22"
"Pierce","53053060700","77.9","76.08","79.71"
"Pierce","53053060800","79.48","77.68","81.29"
"Pierce","53053060903","82.37","80.41","84.32"
"Pierce","53053060904","79.06","77.23","80.89"
"Pierce","53053060905","76.64","75.01","78.27"
"Pierce","53053060906","78.28","75.85","80.72"
"Pierce","53053061001","80.55","78.24","82.87"
"Pierce","53053061002","75.03","72.87","77.19"
"Pierce","53053061100","77.51","75.78","79.24"
"Pierce","53053061200","72.61","70.71","74.52"
"Pierce","53053061300","75.4","73.24","77.55"
"Pierce","53053061400","75.75","72.9","78.59"
"Pierce","53053061500","71.06","68.88","73.25"
"Pierce","53053061601","--","--","--"
"Pierce","53053061602","--","--","--"
"Pierce","53053061700","73.32","71.05","75.6"
"Pierce","53053061800","76.28","73.71","78.85"
"Pierce","53053061900","69.27","66.5","72.03"
"Pierce","53053062000","74.42","72.3","76.55"
"Pierce","53053062300","73.86","71.88","75.83"
"Pierce","53053062400","74.92","73.01","76.83"
"Pierce","53053062500","74.82","73.22","76.42"
"Pierce","53053062600","71.64","69.11","74.18"
"Pierce","53053062801","71.77","69.95","73.59"
"Pierce","53053062802","75.24","73","77.47"
"Pierce","53053062900","73.42","71.74","75.11"
"Pierce","53053063000","75.92","73.4","78.44"
"Pierce","53053063100","73.29","71.34","75.25"
"Pierce","53053063200","76.72","74.82","78.63"
"Pierce","53053063300","74.34","72.68","76.01"
"Pierce","53053063400","75.77","74.25","77.3"
"Pierce","53053063501","77.38","75.08","79.67"
"Pierce","53053063502","76.34","74.42","78.26"
"Pierce","53053070100","80.42","77.89","82.96"
"Pierce","53053070203","76.87","74.77","78.97"
"Pierce","53053070204","75.32","73.17","77.46"
"Pierce","53053070205","76.41","74.12","78.7"
"Pierce","53053070206","77.33","75.27","79.38"
"Pierce","53053070207","75.27","73.33","77.2"
"Pierce","53053070307","80.52","77.98","83.06"
"Pierce","53053070308","--","--","--"
"Pierce","53053070309","81.94","79.23","84.66"
"Pierce","53053070310","77.08","74.46","79.7"
"Pierce","53053070311","80.2","77.78","82.61"
"Pierce","53053070312","--","--","--"
"Pierce","53053070313","79.02","77.24","80.79"
"Pierce","53053070314","79.3","76.51","82.1"
"Pierce","53053070315","76.88","74.05","79.7"
"Pierce","53053070316","--","--","--"
"Pierce","53053070401","77.91","75.28","80.54"
"Pierce","53053070403","73.27","71.22","75.32"
"Pierce","53053070404","77.47","75","79.93"
"Pierce","53053070703","77.51","75.26","79.77"
"Pierce","53053071100","75.91","72.97","78.84"
"Pierce","53053071205","80.98","79.1","82.87"
"Pierce","53053071206","78.87","77.19","80.56"
"Pierce","53053071207","76.73","74.55","78.91"
"Pierce","53053071208","77.87","76.2","79.54"
"Pierce","53053071209","77.35","75.02","79.67"
"Pierce","53053071210","79.82","77.95","81.69"
"Pierce","53053071304","78.39","76.44","80.34"
"Pierce","53053071305","76.59","74.13","79.05"
"Pierce","53053071306","78.36","76.83","79.88"
"Pierce","53053071307","77.85","75.7","79.99"
"Pierce","53053071309","78.67","75.61","81.74"
"Pierce","53053071310","78.16","75.55","80.77"
"Pierce","53053071403","76.77","74.86","78.68"
"Pierce","53053071406","78.53","76.47","80.58"
"Pierce","53053071407","76.14","74.13","78.14"
"Pierce","53053071408","76.93","74.49","79.38"
"Pierce","53053071409","74.77","72.36","77.18"
"Pierce","53053071410","74.89","72.59","77.18"
"Pierce","53053071411","78.55","75.96","81.14"
"Pierce","53053071503","76.4","74.57","78.22"
"Pierce","53053071504","76.06","73.93","78.19"
"Pierce","53053071505","76.98","75.28","78.69"
"Pierce","53053071506","78.71","76.77","80.65"
"Pierce","53053071601","73.72","71.79","75.65"
"Pierce","53053071602","75.29","73.46","77.13"
"Pierce","53053071703","72.19","69.42","74.97"
"Pierce","53053071704","74.48","71.83","77.14"
"Pierce","53053071705","75.11","72.6","77.62"
"Pierce","53053071706","75.17","72.16","78.17"
"Pierce","53053071707","74.14","71.54","76.75"
"Pierce","53053071803","77.64","75.77","79.5"
"Pierce","53053071805","73.29","70.86","75.72"
"Pierce","53053071806","68.93","66.55","71.31"
"Pierce","53053071807","74.55","72.05","77.05"
"Pierce","53053071808","73.99","71.8","76.19"
"Pierce","53053071901","76.79","74.64","78.95"
"Pierce","53053071902","81.43","79.75","83.11"
"Pierce","53053072000","78.37","76.22","80.51"
"Pierce","53053072105","77.58","75.61","79.56"
"Pierce","53053072106","78.15","76.54","79.76"
"Pierce","53053072107","78.27","76.36","80.17"
"Pierce","53053072108","77.11","75.3","78.91"
"Pierce","53053072109","80.69","78.55","82.83"
"Pierce","53053072111","81.72","79.53","83.9"
"Pierce","53053072112","76.89","75.02","78.76"
"Pierce","53053072305","80.56","78.84","82.28"
"Pierce","53053072307","79.93","78.27","81.59"
"Pierce","53053072308","78.03","76.45","79.6"
"Pierce","53053072309","80.07","78.44","81.7"
"Pierce","53053072310","79.99","78.13","81.86"
"Pierce","53053072311","76.42","74.36","78.47"
"Pierce","53053072312","78.22","76.32","80.12"
"Pierce","53053072313","81.69","80.01","83.37"
"Pierce","53053072405","81.14","78.91","83.37"
"Pierce","53053072406","80.01","78.42","81.6"
"Pierce","53053072407","78.81","77.15","80.47"
"Pierce","53053072408","79.63","78.18","81.07"
"Pierce","53053072409","79.45","77","81.9"
"Pierce","53053072410","82.17","79.8","84.55"
"Pierce","53053072503","77.83","75.34","80.32"
"Pierce","53053072504","82.15","80.62","83.69"
"Pierce","53053072505","80.01","78.43","81.58"
"Pierce","53053072506","80.55","78.16","82.93"
"Pierce","53053072507","80.96","78.62","83.3"
"Pierce","53053072601","77.87","75.67","80.07"
"Pierce","53053072602","78.11","75.51","80.71"
"Pierce","53053072603","80.73","78.59","82.87"
"Pierce","53053072800","--","--","--"
"Pierce","53053072901","--","--","--"
"Pierce","53053072903","--","--","--"
"Pierce","53053072905","62.02","58.22","65.82"
"Pierce","53053072906","--","--","--"
"Pierce","53053072907","--","--","--"
"Pierce","53053073001","75.42","73.85","76.98"
"Pierce","53053073005","76.19","74.39","77.99"
"Pierce","53053073006","74.91","72.42","77.39"
"Pierce","53053073108","78.87","76.39","81.34"
"Pierce","53053073110","80.02","78.21","81.83"
"Pierce","53053073111","77.64","75.48","79.81"
"Pierce","53053073113","76.56","74.35","78.76"
"Pierce","53053073114","75.29","73.19","77.38"
"Pierce","53053073115","76.38","74.35","78.41"
"Pierce","53053073116","77.62","75.13","80.12"
"Pierce","53053073117","75.74","73.59","77.89"
"Pierce","53053073118","79.75","77.53","81.97"
"Pierce","53053073119","77.52","74.53","80.5"
"Pierce","53053073120","77.39","74.49","80.28"
"Pierce","53053073121","79.6","77.51","81.68"
"Pierce","53053073122","--","--","--"
"Pierce","53053073123","79.74","76.98","82.51"
"Pierce","53053073124","75.06","71.78","78.34"
"Pierce","53053073125","79.03","77.03","81.03"
"Pierce","53053073126","--","--","--"
"Pierce","53053073200","78.81","77.01","80.62"
"Pierce","53053073301","76.02","74.15","77.89"
"Pierce","53053073302","78.82","77.06","80.57"
"Pierce","53053073404","75.83","74.26","77.39"
"Pierce","53053073405","74.63","72.57","76.69"
"Pierce","53053073406","74.39","72.44","76.34"
"Pierce","53053073407","76.24","73.99","78.49"
"Pierce","53053073408","78.06","76.03","80.1"
"Pierce","53053073500","79.75","78","81.5"
"Pierce","53053940001","82.03","79.7","84.36"
"Pierce","53053940002","79.58","77.43","81.73"
"Pierce","53053940003","80.58","78.2","82.96"
"Pierce","53053940004","77.83","76.16","79.5"
"Pierce","53053940005","76.97","74.56","79.37"
"Pierce","53053940006","75.69","72.34","79.03"
"Pierce","53053940007","70.92","68.32","73.53"
"Pierce","53053940008","80.1","78.16","82.05"
"Pierce","53053940009","77.36","74.4","80.31"
"Pierce","53053940010","76.98","74.94","79.02"
"Pierce","53053940011","85.15","82.75","87.54"
"San Juan","53055960100","84.7","82.66","86.75"
"San Juan","53055960300","84.42","82.67","86.17"
"San Juan","53055960400","78.83","76.05","81.62"
"San Juan","53055960500","88.94","86.85","91.03"
"San Juan","53055990100","--","--","--"
"Skagit","53057940200","81.95","79.69","84.21"
"Skagit","53057940300","81.48","79.52","83.43"
"Skagit","53057940400","81.01","79.1","82.91"
"Skagit","53057940500","77.74","75.28","80.2"
"Skagit","53057940600","75.01","72","78.03"
"Skagit","53057940700","77.84","74.34","81.34"
"Skagit","53057940800","79.71","76.49","82.93"
"Skagit","53057950100","--","--","--"
"Skagit","53057950800","81.37","79.69","83.05"
"Skagit","53057950900","78.89","76.76","81.01"
"Skagit","53057951000","76.7","73.75","79.66"
"Skagit","53057951100","74.86","72.73","76.99"
"Skagit","53057951200","79.38","76.79","81.96"
"Skagit","53057951300","77.64","74.08","81.2"
"Skagit","53057951400","77.53","75.8","79.26"
"Skagit","53057951500","75.72","74.23","77.21"
"Skagit","53057951600","79.02","76.92","81.12"
"Skagit","53057951700","76.03","73.83","78.23"
"Skagit","53057951800","77.1","74.83","79.38"
"Skagit","53057951900","82.79","81","84.57"
"Skagit","53057952100","79.84","77.81","81.88"
"Skagit","53057952200","79.16","77.14","81.18"
"Skagit","53057952301","81.15","78.77","83.53"
"Skagit","53057952302","79.78","78.32","81.25"
"Skagit","53057952401","78.83","76.13","81.52"
"Skagit","53057952402","79.15","77.53","80.76"
"Skagit","53057952500","76.92","74.34","79.51"
"Skagit","53057952600","78.76","76.6","80.93"
"Skagit","53057952700","81.98","79.98","83.98"
"Skagit","53057990100","--","--","--"
"Skamania","53059950100","--","--","--"
"Skamania","53059950200","81.77","79.19","84.35"
"Skamania","53059950300","78.18","75.16","81.19"
"Skamania","53059950400","79.64","76.72","82.56"
"Skamania","53059950500","78.92","75.75","82.08"
"Snohomish","53061040100","78.97","77.1","80.84"
"Snohomish","53061040200","74.44","72.48","76.4"
"Snohomish","53061040300","75.89","73.29","78.49"
"Snohomish","53061040400","75.75","73.47","78.02"
"Snohomish","53061040500","75.4","72.62","78.19"
"Snohomish","53061040700","78.24","75.72","80.76"
"Snohomish","53061040800","69.95","67.53","72.37"
"Snohomish","53061040900","80.19","78.16","82.21"
"Snohomish","53061041000","77.66","75.8","79.52"
"Snohomish","53061041100","75.6","73.55","77.66"
"Snohomish","53061041201","82","79.59","84.41"
"Snohomish","53061041202","75.36","73.7","77.02"
"Snohomish","53061041301","80.28","78.61","81.94"
"Snohomish","53061041303","79.28","76.82","81.74"
"Snohomish","53061041304","81.16","78.41","83.91"
"Snohomish","53061041400","76.32","74.58","78.06"
"Snohomish","53061041500","79.46","76.2","82.72"
"Snohomish","53061041601","79.65","77.92","81.38"
"Snohomish","53061041605","79.29","77.42","81.17"
"Snohomish","53061041606","73.4","71.66","75.14"
"Snohomish","53061041607","79.09","76.79","81.39"
"Snohomish","53061041608","78.76","76.96","80.56"
"Snohomish","53061041701","78.21","76.27","80.15"
"Snohomish","53061041703","81.24","78.99","83.49"
"Snohomish","53061041704","76.78","74.39","79.17"
"Snohomish","53061041805","79.08","77.27","80.9"
"Snohomish","53061041806","77.46","75.66","79.26"
"Snohomish","53061041808","77.51","75.31","79.72"
"Snohomish","53061041809","77.63","75.53","79.73"
"Snohomish","53061041810","--","--","--"
"Snohomish","53061041811","79.44","76.91","81.96"
"Snohomish","53061041812","83.76","80.66","86.87"
"Snohomish","53061041901","77.22","74.75","79.69"
"Snohomish","53061041903","79.08","77.07","81.09"
"Snohomish","53061041904","75.63","73.23","78.03"
"Snohomish","53061041905","73.27","70.99","75.54"
"Snohomish","53061042001","79.47","77.7","81.25"
"Snohomish","53061042003","79.11","76.81","81.4"
"Snohomish","53061042004","76.77","74.58","78.95"
"Snohomish","53061042005","80.86","78.99","82.72"
"Snohomish","53061042006","82.34","78.52","86.16"
"Snohomish","53061050101","--","--","--"
"Snohomish","53061050102","79.53","77.65","81.41"
"Snohomish","53061050200","81.22","79.18","83.27"
"Snohomish","53061050300","82.24","80.52","83.96"
"Snohomish","53061050401","79.47","78.02","80.92"
"Snohomish","53061050402","79.53","78.08","80.98"
"Snohomish","53061050500","83.87","82.1","85.65"
"Snohomish","53061050600","--","--","--"
"Snohomish","53061050700","79.24","77.57","80.91"
"Snohomish","53061050800","80.21","78.62","81.8"
"Snohomish","53061050900","79.22","76.79","81.66"
"Snohomish","53061051000","78.78","76.59","80.98"
"Snohomish","53061051100","76.26","74","78.52"
"Snohomish","53061051200","78.01","75.99","80.03"
"Snohomish","53061051300","80.7","78.94","82.47"
"Snohomish","53061051400","77.35","75.75","78.95"
"Snohomish","53061051500","79.33","77.27","81.39"
"Snohomish","53061051601","77.62","75.66","79.58"
"Snohomish","53061051602","77.69","75.87","79.51"
"Snohomish","53061051701","79.93","77.94","81.91"
"Snohomish","53061051702","78.63","76.97","80.29"
"Snohomish","53061051802","82.55","80.41","84.69"
"Snohomish","53061051803","72.72","70.87","74.56"
"Snohomish","53061051804","77.98","75.1","80.86"
"Snohomish","53061051905","80.95","79.39","82.51"
"Snohomish","53061051912","80.28","77.73","82.84"
"Snohomish","53061051913","78.74","76.7","80.78"
"Snohomish","53061051914","82.36","79.96","84.76"
"Snohomish","53061051915","77.26","75.62","78.9"
"Snohomish","53061051916","80.8","78.27","83.34"
"Snohomish","53061051917","80.72","78.51","82.93"
"Snohomish","53061051918","81.59","80.03","83.15"
"Snohomish","53061051921","79.73","77.46","82.01"
"Snohomish","53061051922","79.85","77.42","82.29"
"Snohomish","53061051923","79.18","76.89","81.47"
"Snohomish","53061051924","83.85","80.94","86.75"
"Snohomish","53061051925","79.13","77.29","80.97"
"Snohomish","53061051926","78.59","76.16","81.02"
"Snohomish","53061051927","80.57","77.92","83.21"
"Snohomish","53061051928","79","76.68","81.31"
"Snohomish","53061052003","--","--","--"
"Snohomish","53061052004","82.4","80.91","83.89"
"Snohomish","53061052005","86.73","84.91","88.56"
"Snohomish","53061052006","--","--","--"
"Snohomish","53061052007","--","--","--"
"Snohomish","53061052104","78.91","75.63","82.19"
"Snohomish","53061052105","79.41","76.21","82.61"
"Snohomish","53061052107","76.73","74.17","79.29"
"Snohomish","53061052108","81.02","79.07","82.96"
"Snohomish","53061052112","78.63","75.69","81.58"
"Snohomish","53061052113","--","--","--"
"Snohomish","53061052114","--","--","--"
"Snohomish","53061052115","81.4","79.48","83.33"
"Snohomish","53061052118","79.85","77.45","82.25"
"Snohomish","53061052203","79.01","76.73","81.3"
"Snohomish","53061052204","76.5","74.1","78.89"
"Snohomish","53061052206","78.72","76.2","81.25"
"Snohomish","53061052207","81.68","79.59","83.78"
"Snohomish","53061052208","76.17","73.99","78.34"
"Snohomish","53061052209","82.02","79.45","84.6"
"Snohomish","53061052301","78.55","76.47","80.63"
"Snohomish","53061052302","77.69","74.74","80.64"
"Snohomish","53061052401","72.1","70.23","73.96"
"Snohomish","53061052402","77.49","75.4","79.59"
"Snohomish","53061052502","80.25","78.37","82.12"
"Snohomish","53061052503","79.81","77.91","81.72"
"Snohomish","53061052504","80.11","77.67","82.54"
"Snohomish","53061052603","76.94","73.43","80.46"
"Snohomish","53061052604","78.93","76.57","81.28"
"Snohomish","53061052605","78.15","76.22","80.08"
"Snohomish","53061052606","77.59","75.64","79.55"
"Snohomish","53061052607","80.02","77.5","82.54"
"Snohomish","53061052701","--","--","--"
"Snohomish","53061052705","81.23","78.72","83.74"
"Snohomish","53061052706","--","--","--"
"Snohomish","53061052707","--","--","--"
"Snohomish","53061052708","79.34","77.15","81.53"
"Snohomish","53061052709","78.77","76","81.55"
"Snohomish","53061052803","75.57","73.75","77.38"
"Snohomish","53061052804","78.53","76.83","80.22"
"Snohomish","53061052805","81.05","78.89","83.22"
"Snohomish","53061052806","78.65","76.62","80.67"
"Snohomish","53061052903","74.09","71.92","76.26"
"Snohomish","53061052904","79.32","77.47","81.17"
"Snohomish","53061052905","76.17","74.05","78.3"
"Snohomish","53061052906","77.88","76.09","79.68"
"Snohomish","53061053101","81.86","79.02","84.71"
"Snohomish","53061053102","79.37","77.43","81.31"
"Snohomish","53061053201","80.31","77.77","82.85"
"Snohomish","53061053202","80.1","77.78","82.42"
"Snohomish","53061053301","76.35","74.56","78.13"
"Snohomish","53061053302","80.42","78.58","82.26"
"Snohomish","53061053400","78.95","77.27","80.63"
"Snohomish","53061053504","79.18","77.11","81.25"
"Snohomish","53061053505","74.93","72.56","77.3"
"Snohomish","53061053506","78.1","76.25","79.95"
"Snohomish","53061053507","83.92","81.64","86.21"
"Snohomish","53061053508","72.32","69.69","74.94"
"Snohomish","53061053509","77.23","74.91","79.55"
"Snohomish","53061053602","74.78","72.94","76.62"
"Snohomish","53061053603","78.51","76.37","80.65"
"Snohomish","53061053604","77.99","75.52","80.47"
"Snohomish","53061053700","75.59","72.85","78.34"
"Snohomish","53061053801","79.27","76.91","81.63"
"Snohomish","53061053802","78.23","76.36","80.1"
"Snohomish","53061053803","77.46","75.29","79.63"
"Snohomish","53061940001","75.5","73.54","77.45"
"Snohomish","53061940002","75.34","73.59","77.1"
"Snohomish","53061990002","--","--","--"
"Snohomish","53061990100","--","--","--"
"Spokane","53063000200","72.12","70.21","74.03"
"Spokane","53063000300","74.96","73.19","76.72"
"Spokane","53063000400","74","71.86","76.13"
"Spokane","53063000500","78.43","76.42","80.43"
"Spokane","53063000600","80.2","77.85","82.54"
"Spokane","53063000700","77.55","75.67","79.43"
"Spokane","53063000800","81.59","80.5","82.68"
"Spokane","53063000900","79.34","78.01","80.67"
"Spokane","53063001000","80.29","78.68","81.9"
"Spokane","53063001100","80.57","78.5","82.65"
"Spokane","53063001200","78.28","75.6","80.95"
"Spokane","53063001300","79.7","77.23","82.18"
"Spokane","53063001400","75.44","73.68","77.21"
"Spokane","53063001500","76.77","74.91","78.64"
"Spokane","53063001600","75.95","73.15","78.75"
"Spokane","53063001800","74.55","71.81","77.29"
"Spokane","53063001900","75.86","73.52","78.2"
"Spokane","53063002000","73.86","71.65","76.07"
"Spokane","53063002100","76.75","73.92","79.57"
"Spokane","53063002300","74.07","72","76.13"
"Spokane","53063002400","66.32","63.04","69.59"
"Spokane","53063002500","76.16","73.82","78.5"
"Spokane","53063002600","72.01","69.93","74.09"
"Spokane","53063002900","75.81","73.71","77.92"
"Spokane","53063003000","76.71","73.54","79.88"
"Spokane","53063003100","76.81","74.66","78.96"
"Spokane","53063003200","--","--","--"
"Spokane","53063003500","--","--","--"
"Spokane","53063003600","75.13","72.48","77.79"
"Spokane","53063003800","75.02","71.12","78.92"
"Spokane","53063003900","--","--","--"
"Spokane","53063004000","79.26","77.23","81.29"
"Spokane","53063004100","80.95","78.27","83.62"
"Spokane","53063004200","78.9","77.04","80.77"
"Spokane","53063004300","84.46","82.47","86.45"
"Spokane","53063004400","79.12","76.91","81.33"
"Spokane","53063004500","81.97","80.12","83.82"
"Spokane","53063004601","79.44","76.91","81.98"
"Spokane","53063004602","79.25","76.67","81.82"
"Spokane","53063004700","79","77.41","80.58"
"Spokane","53063004800","84.12","81.59","86.65"
"Spokane","53063004900","84.04","82.09","85.99"
"Spokane","53063005000","80.77","78.49","83.05"
"Spokane","53063010100","82.15","80.09","84.2"
"Spokane","53063010201","77.82","75.9","79.74"
"Spokane","53063010202","79.54","77.55","81.54"
"Spokane","53063010301","77.11","75","79.22"
"Spokane","53063010303","78.24","74.8","81.68"
"Spokane","53063010304","78.45","76.76","80.14"
"Spokane","53063010305","79.33","77.32","81.35"
"Spokane","53063010401","78.72","76.04","81.4"
"Spokane","53063010402","80.18","78.25","82.11"
"Spokane","53063010501","82.58","81.31","83.85"
"Spokane","53063010503","81.49","79.77","83.2"
"Spokane","53063010504","82.16","80.35","83.98"
"Spokane","53063010601","82.48","80.42","84.55"
"Spokane","53063010602","82.36","80.83","83.9"
"Spokane","53063010700","--","--","--"
"Spokane","53063010800","78.91","76.06","81.76"
"Spokane","53063010900","80.39","78.55","82.23"
"Spokane","53063011000","77.94","75.22","80.67"
"Spokane","53063011101","78.3","76.41","80.2"
"Spokane","53063011102","72.67","70.59","74.75"
"Spokane","53063011201","72.57","70.84","74.29"
"Spokane","53063011202","75.56","73.26","77.86"
"Spokane","53063011300","82.24","80.65","83.82"
"Spokane","53063011400","78.96","77.06","80.85"
"Spokane","53063011500","77.95","74.91","80.99"
"Spokane","53063011600","75.81","72.63","78.99"
"Spokane","53063011701","78.48","75.68","81.27"
"Spokane","53063011702","76.15","73.91","78.38"
"Spokane","53063011800","77.7","75.73","79.68"
"Spokane","53063011900","77.04","75.05","79.04"
"Spokane","53063012000","79.17","76.84","81.5"
"Spokane","53063012100","75.45","72.67","78.24"
"Spokane","53063012200","73.7","70.96","76.45"
"Spokane","53063012300","75.59","73.83","77.35"
"Spokane","53063012401","78.29","75.6","80.97"
"Spokane","53063012402","80.14","78.24","82.03"
"Spokane","53063012500","70.76","68.6","72.92"
"Spokane","53063012600","76.84","74.76","78.93"
"Spokane","53063012701","78.87","76.83","80.91"
"Spokane","53063012702","78.72","75.63","81.82"
"Spokane","53063012801","81.08","79.1","83.06"
"Spokane","53063012802","82.12","80.34","83.89"
"Spokane","53063012901","77.61","75.12","80.1"
"Spokane","53063012902","79.39","77.93","80.85"
"Spokane","53063013000","78.31","76.42","80.2"
"Spokane","53063013100","79.41","78.02","80.81"
"Spokane","53063013201","78.07","76.54","79.6"
"Spokane","53063013202","81.71","80.23","83.18"
"Spokane","53063013300","78.3","75.09","81.51"
"Spokane","53063013401","84.43","82.03","86.83"
"Spokane","53063013500","81.55","79.86","83.25"
"Spokane","53063013600","78.89","76.75","81.03"
"Spokane","53063013700","79.57","77.35","81.79"
"Spokane","53063013800","--","--","--"
"Spokane","53063013900","79.95","77.88","82.02"
"Spokane","53063014001","81.45","78.74","84.16"
"Spokane","53063014002","78.5","76.53","80.46"
"Spokane","53063014100","78.85","76.89","80.8"
"Spokane","53063014200","79.12","76.08","82.16"
"Spokane","53063014300","76.91","73.43","80.39"
"Spokane","53063014400","75.11","73.22","77.01"
"Spokane","53063014500","68.04","65","71.07"
"Stevens","53065941000","--","--","--"
"Stevens","53065950100","77.51","75.74","79.27"
"Stevens","53065950200","79.86","77.9","81.82"
"Stevens","53065950300","76.67","74.25","79.09"
"Stevens","53065950500","78.88","76.05","81.72"
"Stevens","53065950600","77.01","73.45","80.58"
"Stevens","53065950700","73.5","70.33","76.66"
"Stevens","53065950800","75.5","72.28","78.72"
"Stevens","53065950900","--","--","--"
"Stevens","53065951100","77.82","75.74","79.9"
"Stevens","53065951300","77.46","75.52","79.39"
"Stevens","53065951400","77.94","75.87","80.01"
"Thurston","53067010100","76.31","73.35","79.27"
"Thurston","53067010200","79.62","77.59","81.66"
"Thurston","53067010300","77.97","76.17","79.77"
"Thurston","53067010400","82.03","79.86","84.21"
"Thurston","53067010510","--","--","--"
"Thurston","53067010520","80.62","78.61","82.63"
"Thurston","53067010600","80.24","78.08","82.4"
"Thurston","53067010700","78.78","76.7","80.86"
"Thurston","53067010800","78.27","76.75","79.78"
"Thurston","53067010910","81.37","79.12","83.62"
"Thurston","53067010920","80.37","78.66","82.07"
"Thurston","53067011000","78.07","76.1","80.04"
"Thurston","53067011100","81.3","78.79","83.81"
"Thurston","53067011200","75.82","73.61","78.03"
"Thurston","53067011300","78.44","76.37","80.52"
"Thurston","53067011410","76.45","74.9","78"
"Thurston","53067011420","78.47","76.89","80.05"
"Thurston","53067011500","76.67","74.82","78.53"
"Thurston","53067011610","80.56","79.21","81.91"
"Thurston","53067011621","81.87","79.86","83.88"
"Thurston","53067011622","77.56","75.2","79.93"
"Thurston","53067011623","83.62","81.74","85.49"
"Thurston","53067011624","76.45","74.28","78.62"
"Thurston","53067011710","81.04","79.43","82.65"
"Thurston","53067011720","79.47","77.09","81.85"
"Thurston","53067011810","79.04","76.53","81.56"
"Thurston","53067011821","81.59","79.36","83.81"
"Thurston","53067011822","79.68","77.35","82.01"
"Thurston","53067011900","81.16","79.53","82.78"
"Thurston","53067012000","81.62","79.32","83.92"
"Thurston","53067012100","78.57","76.37","80.77"
"Thurston","53067012211","78.91","76.5","81.32"
"Thurston","53067012212","77.68","76.14","79.22"
"Thurston","53067012221","79.76","77.73","81.8"
"Thurston","53067012222","84.86","82.9","86.81"
"Thurston","53067012310","79.4","77.71","81.1"
"Thurston","53067012320","76.65","74.07","79.23"
"Thurston","53067012330","75.24","72.86","77.63"
"Thurston","53067012411","75.71","73.97","77.45"
"Thurston","53067012412","78.64","76.09","81.19"
"Thurston","53067012420","79.34","77","81.68"
"Thurston","53067012510","--","--","--"
"Thurston","53067012520","79.78","77.82","81.75"
"Thurston","53067012530","77.25","75.07","79.42"
"Thurston","53067012610","77.7","75.79","79.61"
"Thurston","53067012620","79.59","77.31","81.88"
"Thurston","53067012710","--","--","--"
"Thurston","53067012720","77.13","75.32","78.94"
"Thurston","53067012730","75.07","73.1","77.04"
"Thurston","53067990100","--","--","--"
"Wahkiakum","53069950100","75.71","73.16","78.25"
"Walla Walla","53071920000","80.87","79.04","82.69"
"Walla Walla","53071920100","81.17","79.56","82.79"
"Walla Walla","53071920200","81.4","79.41","83.38"
"Walla Walla","53071920300","78.6","77.1","80.1"
"Walla Walla","53071920400","--","--","--"
"Walla Walla","53071920500","74.45","71.54","77.36"
"Walla Walla","53071920600","76.23","74.41","78.04"
"Walla Walla","53071920701","77.99","75.06","80.91"
"Walla Walla","53071920702","81.52","79.84","83.19"
"Walla Walla","53071920801","78.37","76.3","80.44"
"Walla Walla","53071920802","77.03","74.6","79.47"
"Walla Walla","53071920900","83.55","82.12","84.97"
"Whatcom","53073000100","80.14","78.7","81.57"
"Whatcom","53073000200","79.08","77.58","80.58"
"Whatcom","53073000300","76.39","74.73","78.04"
"Whatcom","53073000400","76.5","74.97","78.03"
"Whatcom","53073000501","76.51","74.52","78.49"
"Whatcom","53073000502","77.8","74.3","81.3"
"Whatcom","53073000600","--","--","--"
"Whatcom","53073000700","77.36","75.32","79.4"
"Whatcom","53073000803","81.79","80.03","83.56"
"Whatcom","53073000804","80.91","79.16","82.66"
"Whatcom","53073000805","85.73","84.08","87.39"
"Whatcom","53073000806","83.14","81.46","84.81"
"Whatcom","53073000901","81.8","79.88","83.72"
"Whatcom","53073000902","78.53","76.67","80.39"
"Whatcom","53073001000","--","--","--"
"Whatcom","53073001100","83.37","81.58","85.17"
"Whatcom","53073001201","77.04","74.65","79.43"
"Whatcom","53073001202","80.2","77.94","82.47"
"Whatcom","53073010100","78.52","76.71","80.32"
"Whatcom","53073010200","80.49","79.01","81.98"
"Whatcom","53073010301","82.36","80.73","83.99"
"Whatcom","53073010302","86","83.75","88.26"
"Whatcom","53073010303","78.29","76.79","79.78"
"Whatcom","53073010401","76.79","75.15","78.42"
"Whatcom","53073010403","81.25","79.28","83.22"
"Whatcom","53073010404","81.27","79.58","82.95"
"Whatcom","53073010501","83.23","81.46","85.01"
"Whatcom","53073010502","79.92","78.28","81.56"
"Whatcom","53073010600","79.71","77.88","81.54"
"Whatcom","53073010701","79.12","77.34","80.89"
"Whatcom","53073010702","80.75","78.7","82.81"
"Whatcom","53073010900","--","--","--"
"Whatcom","53073011000","--","--","--"
"Whatcom","53073940000","74.59","72.34","76.84"
"Whitman","53075000100","--","--","--"
"Whitman","53075000200","81.71","79.89","83.53"
"Whitman","53075000300","88.73","86.4","91.06"
"Whitman","53075000400","83.05","81.09","85"
"Whitman","53075000500","--","--","--"
"Whitman","53075000600","--","--","--"
"Whitman","53075000700","82.09","79.57","84.61"
"Whitman","53075000800","80.16","77.81","82.5"
"Whitman","53075000900","77.9","75.9","79.9"
"Whitman","53075001000","82.03","78.81","85.24"
"Yakima","53077000100","72.46","69.21","75.7"
"Yakima","53077000200","70.87","69.03","72.72"
"Yakima","53077000300","73.61","71.55","75.67"
"Yakima","53077000400","82.02","80.66","83.38"
"Yakima","53077000500","76.47","74.54","78.4"
"Yakima","53077000600","74.01","71.95","76.06"
"Yakima","53077000700","75.46","73.73","77.2"
"Yakima","53077000800","79.42","77.54","81.3"
"Yakima","53077000901","81.83","80.45","83.22"
"Yakima","53077000902","75.4","73.09","77.72"
"Yakima","53077001000","78.87","77.05","80.68"
"Yakima","53077001100","77.45","75.81","79.09"
"Yakima","53077001201","75.31","72.79","77.82"
"Yakima","53077001202","79.75","77.73","81.76"
"Yakima","53077001300","72.28","69.56","75"
"Yakima","53077001400","72.06","69.93","74.2"
"Yakima","53077001501","75.4","73.38","77.42"
"Yakima","53077001502","72.77","69.9","75.63"
"Yakima","53077001601","76.18","72.89","79.48"
"Yakima","53077001602","80.13","78.61","81.65"
"Yakima","53077001701","81.18","78.37","84"
"Yakima","53077001702","79.86","77.76","81.97"
"Yakima","53077001800","79.92","78.29","81.55"
"Yakima","53077001901","81.07","78.05","84.09"
"Yakima","53077001902","78.65","76.82","80.48"
"Yakima","53077002001","79.59","77.69","81.5"
"Yakima","53077002002","81.2","79.63","82.76"
"Yakima","53077002101","76.58","73.93","79.22"
"Yakima","53077002102","77.78","75.97","79.6"
"Yakima","53077002200","80.41","78.77","82.05"
"Yakima","53077002701","77.21","74.3","80.13"
"Yakima","53077002801","80.49","78.4","82.58"
"Yakima","53077002802","81.04","79.01","83.07"
"Yakima","53077002900","80.28","78.45","82.1"
"Yakima","53077003001","78.12","76.13","80.1"
"Yakima","53077003002","80.31","78.13","82.48"
"Yakima","53077003100","80.53","78.49","82.56"
"Yakima","53077003200","76.6","74.76","78.43"
"Yakima","53077003400","77.09","75.03","79.15"
"Yakima","53077940001","74.56","72.73","76.4"
"Yakima","53077940002","73.7","71.52","75.89"
"Yakima","53077940003","74.87","72.46","77.29"
"Yakima","53077940004","72.62","70.76","74.48"
"Yakima","53077940005","75.79","73.63","77.94"
"Yakima","53077940006","74.73","72.44","77.02"


"Life Expectancy at Birth"
"Geography: Census Tract, Time Period: 2001-2005"
"Created: 4/5/2023"

"""**"" indicates data suppression to protect confidentiality."

"""--"" indicates no data collected."

"""NR"" indicates data are not reliable."
