geoid20,Total Acreage,2011 Canopy Acreage,Canopy_2011,2021 Canopy Acreage,Canopy_2021,Canopy Change,Acreage Gain,Acreage Loss,Net Change,County Name
53033000101,103,69,67%,66,64%,-3%,4.4,7.5,-3,King
53033000102,365,305,83%,309,85%,2%,11.4,7.2,4.2,King
53033000201,446,403,90%,392,88%,-2%,8.5,19.1,-10.6,King
53033000202,366,343,94%,336,92%,-2%,2.3,9.5,-7.2,King
53033000300,299,268,89%,258,86%,-3%,3.9,13.5,-9.6,King
53033000402,444,380,86%,362,81%,-5%,7.4,25.8,-18.4,King
53033000403,181,142,78%,139,77%,-1%,5.3,7.8,-2.5,King
53033000404,156,76,49%,74,47%,-2%,4.2,6.5,-2.3,King
53033000500,700,689,98%,678,97%,-1%,0.4,11.2,-10.7,King
53033000601,354,314,89%,305,86%,-3%,5.8,14.8,-9,King
53033000602,596,407,68%,401,67%,-1%,22.2,28.4,-6.2,King
53033000700,320,260,81%,257,80%,-1%,6.2,9.1,-2.9,King
53033000800,282,277,98%,275,97%,-1%,1,2.9,-1.8,King
53033000900,249,225,91%,228,92%,1%,4.7,1.7,2.9,King
53033001000,236,201,85%,194,82%,-3%,2,8.8,-6.8,King
53033001100,262,253,97%,252,96%,-1%,1.5,3.2,-1.7,King
53033001201,249,109,44%,108,43%,-1%,16.9,17.7,-0.7,King
53033001202,203,174,86%,173,85%,-1%,4.3,5.1,-0.8,King
53033001300,292,215,74%,209,72%,-2%,6.8,12.8,-6,King
53033001400,532,498,94%,490,92%,-2%,6.5,14.1,-7.6,King
53033001500,283,278,98%,276,97%,-1%,0.9,3.6,-2.8,King
53033001600,473,414,88%,405,86%,-2%,9.4,19,-9.6,King
53033001701,221,173,78%,169,77%,-1%,7.6,11.6,-4,King
53033001702,316,288,91%,281,89%,-2%,3,10.3,-7.3,King
53033001800,234,180,77%,170,73%,-4%,6.1,15.6,-9.5,King
53033001900,412,339,82%,334,81%,-1%,12.1,16.5,-4.4,King
53033002000,280,245,88%,244,87%,-1%,5.8,6.6,-0.8,King
53033002100,337,327,97%,321,95%,-2%,1.3,6.6,-5.4,King
53033002200,694,680,98%,663,96%,-2%,3.8,20.5,-16.7,King
53033002400,238,224,94%,221,93%,-1%,2.3,5,-2.8,King
53033002500,243,224,92%,218,90%,-2%,1.6,7.5,-5.9,King
53033002600,308,262,85%,255,83%,-2%,4.7,11.2,-6.5,King
53033002700,392,345,88%,326,83%,-5%,3.3,22.3,-18.9,King
53033002800,244,221,91%,217,89%,-2%,3.1,7,-3.9,King
53033002900,244,231,95%,223,92%,-3%,1.5,9.5,-8,King
53033003000,369,347,94%,335,91%,-3%,2,14,-12,King
53033003100,533,502,94%,486,91%,-3%,2.5,19.1,-16.6,King
53033003201,286,187,66%,181,63%,-3%,4.2,10.9,-6.6,King
53033003202,236,224,95%,208,88%,-7%,2.5,18.6,-16,King
53033003301,165,147,89%,133,81%,-8%,2.8,16.2,-13.4,King
53033003302,155,130,84%,117,76%,-8%,1.4,14.6,-13.2,King
53033003400,195,182,94%,179,92%,-2%,2.8,5.9,-3.2,King
53033003500,317,299,94%,292,92%,-2%,4.2,11.1,-7,King
53033003601,167,147,88%,141,85%,-3%,2.1,7.8,-5.6,King
53033003602,129,81,63%,73,57%,-6%,4.9,12.8,-7.9,King
53033003800,154,143,93%,138,89%,-4%,1.1,5.8,-4.7,King
53033003900,241,224,93%,213,89%,-4%,1.8,12,-10.2,King
53033004000,619,359,58%,353,57%,-1%,28.2,33.7,-5.5,King
53033004101,394,369,94%,362,92%,-2%,3.6,10.3,-6.7,King
53033004102,418,391,94%,381,91%,-3%,3.5,13.7,-10.2,King
53033004201,307,294,96%,283,92%,-4%,1.8,12.9,-11.1,King
53033004202,302,270,89%,259,86%,-3%,2.6,13.6,-10.9,King
53033004301,242,193,80%,194,80%,0%,5.6,4.6,1.1,King
53033004302,82,66,80%,60,73%,-7%,2.2,8,-5.7,King
53033004401,172,160,93%,158,92%,-1%,2.7,4.2,-1.5,King
53033004402,73,48,66%,44,60%,-6%,2.4,6.2,-3.8,King
53033004500,166,146,88%,143,86%,-2%,1.2,3.9,-2.8,King
53033004600,639,352,55%,348,54%,-1%,9.7,14.1,-4.4,King
53033004701,149,24,16%,25,17%,1%,8.5,8,0.4,King
53033004702,66,27,41%,26,39%,-2%,4.7,5.7,-1.1,King
53033004703,299,97,33%,92,31%,-2%,5.9,10.5,-4.6,King
53033004800,318,266,84%,258,81%,-3%,6.1,13.4,-7.3,King
53033004901,123,101,83%,90,73%,-10%,4.8,16.3,-11.6,King
53033004902,147,98,66%,88,60%,-6%,4,14.1,-10.1,King
53033005000,187,149,80%,144,77%,-3%,7.2,12.7,-5.4,King
53033005100,218,203,93%,198,91%,-2%,2.3,7.8,-5.5,King
53033005201,174,133,76%,127,73%,-3%,4.5,10.3,-5.8,King
53033005202,67,32,49%,31,46%,-3%,3.5,5.4,-1.9,King
53033005303,571,359,63%,334,58%,-5%,28.1,53.4,-25.4,King
53033005304,18,10,54%,9,51%,-3%,1.4,1.9,-0.5,King
53033005305,53,7,14%,7,14%,0%,2.4,2.5,-0.1,King
53033005306,50,5,9%,5,10%,1%,1.8,1.5,0.3,King
53033005307,32,28,86%,26,80%,-6%,0.2,2.3,-2.1,King
53033005401,189,97,52%,97,52%,0%,10.6,10.6,0,King
53033005402,115,92,80%,92,80%,0%,4.9,4.8,0.1,King
53033005600,754,700,93%,672,89%,-4%,3.8,31.5,-27.7,King
53033005700,"1,260","1,038",82%,"1,038",82%,0%,36.9,37.1,-0.1,King
53033005801,454,263,58%,257,57%,-1%,11.8,18,-6.3,King
53033005803,206,195,95%,180,88%,-7%,2.2,16.9,-14.7,King
53033005804,582,207,35%,190,33%,-2%,11.2,28.2,-16.9,King
53033005901,191,143,75%,141,74%,-1%,5.2,7.6,-2.4,King
53033005902,253,239,95%,235,93%,-2%,1,5.6,-4.6,King
53033006000,333,285,86%,282,85%,-1%,9.8,13,-3.2,King
53033006100,277,205,74%,203,73%,-1%,12,14.4,-2.4,King
53033006200,595,543,91%,532,90%,-1%,6.9,17.3,-10.4,King
53033006300,653,623,95%,609,93%,-2%,6.3,20.2,-13.9,King
53033006400,223,220,98%,218,98%,0%,0.4,1.9,-1.5,King
53033006500,284,251,88%,240,85%,-3%,5.4,15.9,-10.5,King
53033006600,265,134,50%,135,51%,1%,17.9,16.4,1.5,King
53033006701,86,35,41%,37,43%,2%,7.5,5.5,2,King
53033006702,75,31,42%,34,45%,3%,5,2.6,2.4,King
53033006703,148,139,95%,134,91%,-4%,1.3,7.2,-5.8,King
53033006800,177,153,86%,152,85%,-1%,4.7,6.1,-1.4,King
53033006900,224,220,98%,215,96%,-2%,1.3,6.5,-5.2,King
53033007001,89,59,67%,62,70%,3%,6.2,3.3,2.9,King
53033007002,109,78,72%,76,70%,-2%,4.6,6.8,-2.2,King
53033007101,122,38,31%,39,32%,1%,7.2,6.4,0.8,King
53033007102,83,16,20%,19,23%,3%,6.3,3.5,2.8,King
53033007201,37,8,23%,9,25%,2%,3.2,2.2,1,King
53033007202,69,4,5%,8,11%,6%,4.8,1,3.8,King
53033007203,143,25,17%,26,18%,1%,5.8,4.2,1.6,King
53033007301,62,6,9%,9,14%,5%,4.5,1.1,3.4,King
53033007302,77,4,5%,8,10%,5%,5.4,1.3,4.1,King
53033007303,77,5,6%,5,7%,1%,2.1,1.7,0.5,King
53033007403,29,14,47%,13,46%,-1%,3.2,3.6,-0.4,King
53033007404,38,10,27%,12,31%,4%,3.4,1.8,1.7,King
53033007405,33,4,14%,7,21%,7%,3.7,1.3,2.5,King
53033007406,37,5,14%,8,22%,8%,3.6,0.7,2.9,King
53033007501,74,51,70%,50,68%,-2%,5.9,7.2,-1.3,King
53033007502,78,48,61%,43,55%,-6%,3.7,8.7,-4.9,King
53033007503,46,6,13%,7,16%,3%,2.1,0.8,1.3,King
53033007600,141,120,85%,115,82%,-3%,4.5,8.8,-4.3,King
53033007700,262,252,96%,243,93%,-3%,0.7,9.7,-9,King
53033007800,532,497,93%,495,93%,0%,5.9,7.2,-1.4,King
53033007901,66,49,74%,45,68%,-6%,2,6,-4,King
53033007902,107,92,86%,88,83%,-3%,3.2,7,-3.9,King
53033008002,58,4,7%,8,14%,7%,5.4,0.9,4.5,King
53033008003,49,5,10%,9,18%,8%,5.1,0.9,4.2,King
53033008004,75,13,17%,17,22%,5%,5.7,2,3.7,King
53033008101,69,2,3%,3,5%,2%,1.7,0.9,0.8,King
53033008102,138,7,5%,11,8%,3%,6,2.1,3.9,King
53033008200,93,23,25%,24,26%,1%,3.1,2.9,0.2,King
53033008300,59,10,17%,11,18%,1%,3.7,2.8,0.9,King
53033008401,62,24,40%,21,35%,-5%,4.4,7.5,-3.1,King
53033008402,36,5,13%,7,20%,7%,3.4,1.1,2.4,King
53033008500,111,46,42%,40,36%,-6%,6.8,13.3,-6.5,King
53033008600,176,114,65%,104,59%,-6%,8,17.8,-9.8,King
53033008700,181,163,90%,154,85%,-5%,2.4,11.2,-8.7,King
53033008800,234,215,92%,207,88%,-4%,2.9,10.6,-7.7,King
53033008900,318,291,92%,283,89%,-3%,4.3,11.6,-7.3,King
53033009000,211,137,65%,128,61%,-4%,7.8,16.3,-8.5,King
53033009100,101,27,26%,23,23%,-3%,5.9,9.4,-3.6,King
53033009200,82,15,19%,18,22%,3%,4.5,1.9,2.6,King
53033009300,"2,301",353,15%,369,16%,1%,49.3,33.8,15.6,King
53033009400,417,325,78%,305,73%,-5%,9.4,29.2,-19.9,King
53033009500,640,555,87%,545,85%,-2%,14.4,24,-9.6,King
53033009600,464,401,86%,387,83%,-3%,5.5,19.4,-13.9,King
53033009701,448,376,84%,353,79%,-5%,4.8,28.3,-23.5,King
53033009702,549,527,96%,507,92%,-4%,4.9,24.9,-20,King
53033009801,248,226,91%,219,88%,-3%,3.8,10.7,-6.9,King
53033009802,228,200,88%,189,83%,-5%,3.3,14.6,-11.3,King
53033009900,"1,631",729,45%,717,44%,-1%,26.6,39.4,-12.8,King
53033010001,575,446,77%,423,74%,-3%,15.9,38.5,-22.6,King
53033010002,234,211,90%,193,82%,-8%,1.9,20,-18.1,King
53033010101,215,165,76%,171,79%,3%,15.9,9.6,6.3,King
53033010102,403,340,84%,332,82%,-2%,6.1,14.2,-8.1,King
53033010200,719,670,93%,656,91%,-2%,6.8,20.8,-14,King
53033010301,248,206,83%,196,79%,-4%,2.7,12.5,-9.9,King
53033010302,156,117,75%,114,73%,-2%,7.2,9.5,-2.3,King
53033010401,403,363,90%,338,84%,-6%,7.3,32.5,-25.2,King
53033010402,431,363,84%,331,77%,-7%,3.2,35.4,-32.2,King
53033010501,183,138,75%,132,72%,-3%,4.9,10.9,-6,King
53033010502,241,204,85%,195,81%,-4%,4.4,13.6,-9.1,King
53033010601,269,247,92%,237,88%,-4%,4.2,13.9,-9.7,King
53033010602,358,332,93%,321,90%,-3%,4,14.9,-10.9,King
53033010701,361,321,89%,327,91%,2%,16.7,10.3,6.4,King
53033010702,193,137,71%,162,84%,13%,31.7,6.5,25.3,King
53033010800,"1,033",777,75%,757,73%,-2%,12.8,32.3,-19.5,King
53033010900,"1,335",141,11%,132,10%,-1%,28.1,37.7,-9.6,King
53033011001,267,197,74%,194,73%,-1%,14.3,16.8,-2.5,King
53033011002,425,332,78%,302,71%,-7%,6.9,36.7,-29.8,King
53033011101,281,237,85%,205,73%,-12%,4.6,37.3,-32.7,King
53033011102,326,295,91%,283,87%,-4%,3.6,16,-12.4,King
53033011200,621,308,50%,299,48%,-2%,25.6,34.2,-8.6,King
53033011300,855,742,87%,719,84%,-3%,10.6,33.2,-22.5,King
53033011401,305,267,88%,251,83%,-5%,4.8,20.1,-15.2,King
53033011402,293,218,74%,195,67%,-7%,7.1,29.3,-22.1,King
53033011500,380,355,93%,331,87%,-6%,3.6,27.3,-23.7,King
53033011601,383,378,99%,370,97%,-2%,1,8.9,-8,King
53033011602,389,369,95%,357,92%,-3%,2.5,14,-11.5,King
53033011700,869,632,73%,605,70%,-3%,14.4,41.6,-27.2,King
53033011801,296,247,83%,234,79%,-4%,7.3,20,-12.8,King
53033011802,295,260,88%,252,85%,-3%,4.4,12.6,-8.2,King
53033011901,416,389,93%,367,88%,-5%,2,23.7,-21.7,King
53033011902,385,372,97%,353,92%,-5%,1,19.8,-18.8,King
53033012000,355,347,98%,342,96%,-2%,0.8,6,-5.2,King
53033012100,424,399,94%,387,91%,-3%,0.4,12.8,-12.3,King
53033020100,432,401,93%,390,90%,-3%,3.4,14.9,-11.5,King
53033020200,640,597,93%,584,91%,-2%,6.9,19.6,-12.7,King
53033020301,321,253,79%,250,78%,-1%,6.3,9.7,-3.4,King
53033020302,322,276,86%,267,83%,-3%,4.3,13.1,-8.8,King
53033020401,572,473,83%,451,79%,-4%,9.8,31.8,-22,King
53033020402,689,669,97%,661,96%,-1%,4,12.7,-8.7,King
53033020500,673,625,93%,609,91%,-2%,6.4,22.3,-15.9,King
53033020600,489,420,86%,415,85%,-1%,14.2,19.4,-5.2,King
53033020700,423,309,73%,295,70%,-3%,9.2,23,-13.9,King
53033020800,816,782,96%,765,94%,-2%,2.8,19.4,-16.7,King
53033020900,"1,127","1,011",90%,995,88%,-2%,16,31.6,-15.6,King
53033021000,651,569,87%,549,84%,-3%,8.3,28.2,-19.9,King
53033021100,647,549,85%,536,83%,-2%,8.9,21.8,-12.9,King
53033021300,445,397,89%,391,88%,-1%,9.5,14.9,-5.4,King
53033021400,777,755,97%,752,97%,0%,4.4,7.4,-3.1,King
53033021500,874,836,96%,830,95%,-1%,2.5,8.5,-6,King
53033021600,720,628,87%,609,85%,-2%,6.6,25.1,-18.5,King
53033021701,636,591,93%,583,92%,-1%,13.3,21.4,-8,King
53033021702,753,540,72%,531,70%,-2%,23.3,32.3,-9,King
53033021802,"1,209","1,030",85%,977,81%,-4%,35.3,87.5,-52.3,King
53033021803,809,725,90%,699,86%,-4%,17.8,43.2,-25.4,King
53033021804,766,710,93%,691,90%,-3%,15.5,34.1,-18.6,King
53033021903,787,615,78%,600,76%,-2%,21.8,36.8,-15,King
53033021904,845,728,86%,720,85%,-1%,19.2,27.8,-8.6,King
53033021905,663,616,93%,599,90%,-3%,9.6,26.3,-16.7,King
53033021906,935,778,83%,770,82%,-1%,20,28.2,-8.3,King
53033022001,"1,106","1,052",95%,"1,043",94%,-1%,17.2,25.4,-8.2,King
53033022003,557,533,96%,528,95%,-1%,2.9,7.8,-5,King
53033022005,598,507,85%,495,83%,-2%,13.2,25.2,-11.9,King
53033022006,348,323,93%,316,91%,-2%,5.1,12.1,-7,King
53033022101,881,852,97%,837,95%,-2%,5.4,21,-15.7,King
53033022102,"1,156","1,110",96%,"1,115",96%,0%,23.7,18.6,5.2,King
53033022201,566,535,95%,521,92%,-3%,6.6,20.3,-13.7,King
53033022203,783,733,94%,719,92%,-2%,5.5,19.9,-14.4,King
53033022204,396,382,97%,377,95%,-2%,1.3,6.4,-5.2,King
53033022205,250,227,91%,223,89%,-2%,3.7,7.2,-3.5,King
53033022300,"1,270","1,208",95%,"1,203",95%,0%,5.2,10.2,-5,King
53033022401,594,564,95%,553,93%,-2%,4.6,16.2,-11.7,King
53033022402,567,499,88%,475,84%,-4%,10.5,34.3,-23.9,King
53033022501,611,560,92%,556,91%,-1%,9.2,13,-3.9,King
53033022502,314,220,70%,200,64%,-6%,12.4,32.7,-20.2,King
53033022603,719,642,89%,637,89%,0%,17.8,22.5,-4.7,King
53033022604,729,613,84%,605,83%,-1%,17.9,26.3,-8.4,King
53033022605,"1,168","1,053",90%,"1,026",88%,-2%,19.9,46.5,-26.6,King
53033022606,688,648,94%,645,94%,0%,9.6,12.7,-3.1,King
53033022701,395,345,87%,331,84%,-3%,11.5,25.2,-13.7,King
53033022702,607,585,96%,573,94%,-2%,6.2,18.4,-12.2,King
53033022703,"1,035",974,94%,959,93%,-1%,5,19.7,-14.7,King
53033022802,657,627,95%,609,93%,-2%,4,22.3,-18.3,King
53033022803,"1,179",905,77%,855,73%,-4%,51.1,100.4,-49.3,King
53033022804,252,223,88%,217,86%,-2%,8.6,14,-5.4,King
53033022805,950,900,95%,899,95%,0%,9.4,10.7,-1.3,King
53033022901,367,357,97%,355,97%,0%,2.9,5.4,-2.5,King
53033022902,869,829,95%,823,95%,0%,9.6,15.8,-6.2,King
53033023000,825,763,92%,750,91%,-1%,10.5,22.9,-12.4,King
53033023100,627,610,97%,587,94%,-3%,3.7,26.1,-22.4,King
53033023201,388,336,87%,316,81%,-6%,9.7,29.6,-19.9,King
53033023202,368,284,77%,276,75%,-2%,13,21.4,-8.4,King
53033023300,948,815,86%,760,80%,-6%,11.4,66.4,-55,King
53033023401,916,717,78%,710,78%,0%,33,40,-7.1,King
53033023403,832,741,89%,735,88%,-1%,17.9,24.3,-6.4,King
53033023404,454,418,92%,414,91%,-1%,9.7,13.4,-3.7,King
53033023500,604,565,93%,552,91%,-2%,7,19.1,-12.1,King
53033023601,"1,143",997,87%,979,86%,-1%,18.7,36.8,-18.1,King
53033023603,499,452,91%,435,87%,-4%,15,31.8,-16.8,King
53033023604,718,660,92%,641,89%,-3%,8.5,27.7,-19.3,King
53033023701,"1,036",964,93%,960,93%,0%,12.9,17.6,-4.7,King
53033023702,869,379,44%,346,40%,-4%,37.7,70.1,-32.5,King
53033023801,895,793,89%,752,84%,-5%,23.7,64.2,-40.5,King
53033023805,81,18,22%,20,25%,3%,5.9,3.7,2.2,King
53033023806,58,18,31%,21,37%,6%,6.4,3.1,3.3,King
53033023807,219,65,30%,64,29%,-1%,11.1,12.4,-1.3,King
53033023808,76,21,27%,19,25%,-2%,4.7,5.9,-1.2,King
53033023901,609,578,95%,569,93%,-2%,8.2,17.2,-9,King
53033023902,601,548,91%,536,89%,-2%,7.6,20.2,-12.6,King
53033024001,695,663,95%,660,95%,0%,11.2,14.8,-3.6,King
53033024002,401,372,93%,366,91%,-2%,5.1,11.4,-6.3,King
53033024100,"1,103","1,057",96%,"1,041",94%,-2%,11.7,27.6,-15.9,King
53033024200,913,859,94%,842,92%,-2%,8.7,25.8,-17.1,King
53033024301,341,279,82%,265,78%,-4%,8.1,22.3,-14.2,King
53033024302,693,641,93%,632,91%,-2%,8.2,17.3,-9.2,King
53033024400,417,383,92%,381,91%,-1%,5.7,7.9,-2.1,King
53033024500,953,912,96%,903,95%,-1%,4.6,14.3,-9.7,King
53033024601,986,962,98%,954,97%,-1%,3.9,11.1,-7.3,King
53033024602,717,680,95%,671,94%,-1%,4,13.4,-9.5,King
53033024701,652,583,89%,567,87%,-2%,9.2,25.2,-16,King
53033024703,927,900,97%,876,95%,-2%,5.5,28.8,-23.2,King
53033024704,654,603,92%,595,91%,-1%,17.4,24.9,-7.6,King
53033024800,932,754,81%,734,79%,-2%,28.8,48.6,-19.8,King
53033024901,747,736,98%,726,97%,-1%,3.3,12.9,-9.5,King
53033024902,502,496,99%,493,98%,-1%,2.2,5.3,-3.1,King
53033024904,515,512,99%,510,99%,0%,0.2,1.8,-1.6,King
53033024905,712,701,98%,698,98%,0%,4,6.8,-2.8,King
53033025001,921,873,95%,864,94%,-1%,8.7,16.7,-8,King
53033025005,"1,899","1,683",89%,"1,668",88%,-1%,22.3,36.7,-14.4,King
53033025006,"5,538","5,296",96%,"5,284",95%,-1%,34.2,45.9,-11.8,King
53033025007,"1,032","1,003",97%,"1,003",97%,0%,4.9,4.5,0.4,King
53033025008,559,552,99%,547,98%,-1%,1.1,6.3,-5.2,King
53033025101,725,665,92%,647,89%,-3%,8.7,26.8,-18.1,King
53033025103,395,324,82%,337,85%,3%,30.8,17.5,13.2,King
53033025104,"1,145","1,007",88%,"1,013",89%,1%,39,32.4,6.6,King
53033025201,420,396,94%,387,92%,-2%,8.1,17.2,-9.2,King
53033025202,684,615,90%,592,87%,-3%,13.2,36.4,-23.2,King
53033025302,"1,001",352,35%,320,32%,-3%,45,77,-32,King
53033025303,467,174,37%,179,38%,1%,27.2,22.2,4.9,King
53033025304,439,411,94%,398,91%,-3%,6.7,19.9,-13.2,King
53033025401,296,216,73%,185,63%,-10%,7.8,38.3,-30.5,King
53033025402,272,240,88%,224,82%,-6%,4.3,20.5,-16.2,King
53033025500,377,336,89%,321,85%,-4%,8.8,24.3,-15.5,King
53033025601,694,538,78%,541,78%,0%,31.4,28.4,3,King
53033025602,"1,302","1,214",93%,"1,212",93%,0%,35.8,38.4,-2.7,King
53033025702,688,669,97%,651,95%,-2%,4.2,22.2,-18,King
53033025703,233,216,93%,205,88%,-5%,2.9,14.2,-11.4,King
53033025704,722,642,89%,627,87%,-2%,12.1,26.4,-14.3,King
53033025803,332,305,92%,295,89%,-3%,6.6,16.8,-10.2,King
53033025804,584,548,94%,530,91%,-3%,6.3,24.2,-17.8,King
53033025805,600,553,92%,541,90%,-2%,10,22.3,-12.3,King
53033025806,763,685,90%,658,86%,-4%,17.9,45.6,-27.7,King
53033026001,657,611,93%,588,89%,-4%,5.3,28.5,-23.1,King
53033026003,280,215,77%,214,76%,-1%,10.6,11.2,-0.6,King
53033026004,404,371,92%,358,89%,-3%,4.9,18.2,-13.3,King
53033026101,670,594,89%,555,83%,-6%,8.7,47.4,-38.7,King
53033026102,390,352,90%,338,87%,-3%,4.9,18.6,-13.7,King
53033026200,"3,928","2,155",55%,"2,031",52%,-3%,177.7,301.9,-124.2,King
53033026300,"1,063",487,46%,456,43%,-3%,27.1,58.2,-31.2,King
53033026400,"1,185",834,70%,802,68%,-2%,29.8,61.5,-31.7,King
53033026500,506,388,77%,384,76%,-1%,31.1,35.3,-4.2,King
53033026600,287,251,87%,240,84%,-3%,3.6,14.4,-10.8,King
53033026700,743,711,96%,689,93%,-3%,2.5,24.4,-21.9,King
53033026801,382,316,83%,288,75%,-8%,7.4,35.8,-28.4,King
53033026802,508,415,82%,395,78%,-4%,18,37.9,-19.9,King
53033027000,492,473,96%,456,93%,-3%,2.6,20,-17.4,King
53033027100,387,359,93%,343,89%,-4%,4.2,20.2,-16,King
53033027200,816,546,67%,536,66%,-1%,31.2,41.1,-9.9,King
53033027300,878,730,83%,698,79%,-4%,10.8,43.3,-32.4,King
53033027400,822,724,88%,665,81%,-7%,10.9,70,-59.1,King
53033027500,551,470,85%,433,79%,-6%,9.3,46.1,-36.7,King
53033027600,673,648,96%,634,94%,-2%,2.4,16.5,-14.1,King
53033027701,"10,948","9,917",91%,"9,775",89%,-2%,92.3,234.4,-142.1,King
53033027702,"12,743","11,376",89%,"11,213",88%,-1%,117.4,280.1,-162.7,King
53033027800,625,604,97%,597,96%,-1%,0.8,7.8,-7,King
53033027901,500,433,87%,425,85%,-2%,9.7,18,-8.4,King
53033027902,368,187,51%,177,48%,-3%,12,22.2,-10.2,King
53033028000,482,347,72%,320,66%,-6%,17.9,44.3,-26.4,King
53033028100,393,282,72%,270,69%,-3%,9.7,21.8,-12.1,King
53033028200,657,553,84%,543,83%,-1%,23.2,33,-9.8,King
53033028300,"2,049","1,280",62%,"1,235",60%,-2%,119.1,164.1,-45.1,King
53033028402,"2,105",576,27%,536,25%,-2%,41,80.4,-39.3,King
53033028403,521,356,68%,336,64%,-4%,16,36.2,-20.1,King
53033028500,867,706,81%,681,79%,-2%,21.2,46.2,-24.9,King
53033028600,"1,581","1,474",93%,"1,461",92%,-1%,20.4,33.2,-12.8,King
53033028700,661,618,93%,592,90%,-3%,6.5,32.1,-25.6,King
53033028801,"1,290",983,76%,901,70%,-6%,43.1,125.5,-82.4,King
53033028802,695,504,73%,473,68%,-5%,12.9,44.4,-31.5,King
53033028901,563,462,82%,440,78%,-4%,12.7,34.7,-22,King
53033028902,510,410,80%,382,75%,-5%,13.7,41.4,-27.6,King
53033029001,627,595,95%,579,92%,-3%,5.2,20.7,-15.5,King
53033029003,635,562,89%,550,87%,-2%,12.5,24.7,-12.2,King
53033029004,452,255,57%,237,52%,-5%,10.7,29.1,-18.4,King
53033029101,874,706,81%,692,79%,-2%,24.8,38.5,-13.7,King
53033029102,634,572,90%,540,85%,-5%,5.7,37.7,-32,King
53033029203,496,303,61%,284,57%,-4%,19.1,37.6,-18.5,King
53033029205,472,321,68%,324,69%,1%,29.9,27.7,2.2,King
53033029206,"4,323","1,576",36%,"1,415",33%,-3%,186.6,347.9,-161.3,King
53033029207,558,532,95%,524,94%,-1%,7.2,15.1,-7.9,King
53033029208,489,381,78%,366,75%,-3%,8.7,24.2,-15.6,King
53033029304,"1,029",990,96%,970,94%,-2%,8,27.6,-19.6,King
53033029305,716,680,95%,664,93%,-2%,13.2,29.5,-16.3,King
53033029306,632,542,86%,538,85%,-1%,22.7,27.5,-4.8,King
53033029307,956,894,93%,877,92%,-1%,4.2,21.9,-17.7,King
53033029308,333,303,91%,293,88%,-3%,5.8,16.1,-10.3,King
53033029309,559,510,91%,502,90%,-1%,13.1,21.2,-8.2,King
53033029403,595,551,93%,540,91%,-2%,12.3,23.3,-10.9,King
53033029405,616,599,97%,591,96%,-1%,6.3,14.2,-7.9,King
53033029406,670,633,94%,633,95%,1%,13.5,13,0.6,King
53033029407,330,281,85%,262,80%,-5%,5,23.2,-18.2,King
53033029408,312,287,92%,274,88%,-4%,3.1,15.4,-12.3,King
53033029504,465,391,84%,363,78%,-6%,12.6,41,-28.4,King
53033029505,348,281,81%,265,76%,-5%,7.9,23.8,-15.9,King
53033029506,236,149,63%,148,63%,0%,12.5,13.3,-0.9,King
53033029507,432,392,91%,384,89%,-2%,7.3,15.3,-8,King
53033029508,642,527,82%,529,82%,0%,27.7,26,1.7,King
53033029602,"1,659","1,382",83%,"1,408",85%,2%,84.3,59.1,25.2,King
53033029603,383,358,93%,354,92%,-1%,8.1,12,-4,King
53033029604,611,544,89%,537,88%,-1%,13.9,21.5,-7.6,King
53033029701,850,665,78%,624,73%,-5%,15.1,56.4,-41.3,King
53033029702,"1,970","1,316",67%,"1,243",63%,-4%,59.9,133.3,-73.4,King
53033029803,"1,372",801,58%,742,54%,-4%,21,80.3,-59.3,King
53033029804,619,583,94%,571,92%,-2%,7.1,18.6,-11.5,King
53033029805,783,722,92%,700,89%,-3%,9.3,30.8,-21.5,King
53033029806,954,755,79%,723,76%,-3%,17.6,49.8,-32.2,King
53033029901,"1,005",914,91%,874,87%,-4%,6.6,46,-39.4,King
53033029902,"1,543","1,375",89%,"1,343",87%,-2%,29.8,62.5,-32.7,King
53033030003,"1,132","1,024",90%,991,88%,-2%,16.1,49.3,-33.3,King
53033030005,535,467,87%,432,81%,-6%,10.3,45.7,-35.4,King
53033030006,533,295,55%,289,54%,-1%,21.5,27.5,-6,King
53033030007,159,133,84%,131,82%,-2%,6.4,8.6,-2.2,King
53033030008,348,332,96%,319,92%,-4%,4.8,18.2,-13.4,King
53033030101,809,773,96%,765,95%,-1%,6.7,14.4,-7.7,King
53033030102,639,623,98%,613,96%,-2%,3.7,14.1,-10.4,King
53033030201,710,659,93%,643,91%,-2%,4.5,21.3,-16.8,King
53033030203,368,311,85%,296,81%,-4%,6,20.9,-14.8,King
53033030204,442,357,81%,343,78%,-3%,9.1,22.6,-13.5,King
53033030304,"1,862","1,615",87%,"1,575",85%,-2%,35,74.9,-39.9,King
53033030305,945,905,96%,894,95%,-1%,7.1,19,-11.8,King
53033030306,932,894,96%,892,96%,0%,6.3,8.7,-2.4,King
53033030308,532,512,96%,513,96%,0%,6.9,6.4,0.5,King
53033030309,549,512,93%,506,92%,-1%,9.8,16,-6.2,King
53033030310,792,719,91%,729,92%,1%,32.2,22.4,9.8,King
53033030311,471,453,96%,442,94%,-2%,2,12.7,-10.7,King
53033030312,458,437,96%,431,94%,-2%,2.3,8.7,-6.4,King
53033030313,"1,004",617,61%,616,61%,0%,52,53,-1.1,King
53033030314,616,484,79%,477,77%,-2%,24,31,-7,King
53033030403,930,791,85%,776,83%,-2%,24.7,39.9,-15.2,King
53033030404,"1,536","1,422",93%,"1,386",90%,-3%,19.2,55.4,-36.2,King
53033030405,"1,240","1,140",92%,"1,119",90%,-2%,22.9,43.3,-20.3,King
53033030406,680,624,92%,615,90%,-2%,9.9,19.1,-9.2,King
53033030407,"1,157",929,80%,921,80%,0%,38.6,46.9,-8.3,King
53033030501,"2,820","1,235",44%,"1,127",40%,-4%,109.1,216.4,-107.3,King
53033030503,787,463,59%,443,56%,-3%,65.2,84.9,-19.8,King
53033030504,387,297,77%,277,71%,-6%,12.5,32.6,-20.1,King
53033030600,854,688,81%,638,75%,-6%,21.9,72.3,-50.4,King
53033030700,384,271,71%,224,58%,-13%,12.4,59.3,-46.9,King
53033030801,"1,728",663,38%,569,33%,-5%,40.6,134.3,-93.7,King
53033030802,342,291,85%,250,73%,-12%,4.6,45.1,-40.4,King
53033030901,771,562,73%,524,68%,-5%,20.2,58,-37.7,King
53033030902,977,756,77%,719,74%,-3%,44.7,81.6,-36.9,King
53033031000,"3,152","2,461",78%,"2,443",77%,-1%,101.7,120.4,-18.7,King
53033031101,"1,249",839,67%,803,64%,-3%,32.1,68.5,-36.4,King
53033031102,588,475,81%,433,74%,-7%,5.8,48.3,-42.5,King
53033031202,"16,705","10,102",60%,"9,794",59%,-1%,182.9,490.8,-307.8,King
53033031204,"9,262","7,568",82%,"7,488",81%,-1%,170.1,250.1,-80,King
53033031206,913,860,94%,857,94%,0%,17.4,20.4,-3,King
53033031207,807,669,83%,663,82%,-1%,30.3,36.9,-6.6,King
53033031208,657,629,96%,618,94%,-2%,9.6,20,-10.5,King
53033031301,"8,264","3,027",37%,"2,987",36%,-1%,110.5,149.8,-39.3,King
53033031302,"2,706",989,37%,957,35%,-2%,35.2,66.4,-31.2,King
53033031400,"1,573",989,63%,912,58%,-5%,22.8,99.8,-77,King
53033031501,"40,226","38,320",95%,"38,161",95%,0%,362.9,522.2,-159.3,King
53033031502,"252,545","244,069",97%,"245,137",97%,0%,3681.2,2612.9,1068.3,King
53033031601,"3,729","3,244",87%,"3,188",86%,-1%,44.4,100,-55.6,King
53033031603,"14,206","13,017",92%,"12,756",90%,-2%,263.6,524.3,-260.7,King
53033031604,"1,027",869,85%,845,82%,-3%,59.2,83.8,-24.7,King
53033031605,"4,190","3,485",83%,"3,404",81%,-2%,52.7,133.3,-80.5,King
53033031704,"1,416","1,209",85%,"1,156",82%,-3%,21.9,75.3,-53.4,King
53033031705,"1,249","1,043",84%,"1,022",82%,-2%,28.4,49.6,-21.1,King
53033031707,920,857,93%,852,93%,0%,17.3,22.7,-5.4,King
53033031708,"1,003",769,77%,750,75%,-2%,15.6,34.8,-19.2,King
53033031709,535,449,84%,464,87%,3%,34.5,18.8,15.7,King
53033031710,504,364,72%,338,67%,-5%,21.5,48.1,-26.6,King
53033031800,"6,319","5,536",88%,"5,473",87%,-1%,67,129.3,-62.2,King
53033031904,"4,709","3,709",79%,"3,557",76%,-3%,44,196.5,-152.6,King
53033031906,"2,756","2,462",89%,"2,438",88%,-1%,17.3,41.9,-24.6,King
53033031908,451,405,90%,399,88%,-2%,8.3,14.2,-5.9,King
53033031909,473,442,93%,442,93%,0%,5.6,5.7,-0.1,King
53033031910,821,785,96%,780,95%,-1%,14,19,-5,King
53033031911,592,573,97%,578,98%,1%,8.9,4.2,4.7,King
53033031912,"1,896","1,701",90%,"1,671",88%,-2%,14.2,44.1,-29.9,King
53033031913,"1,006",947,94%,928,92%,-2%,15.9,34.1,-18.2,King
53033032002,"6,857","6,180",90%,"6,076",89%,-1%,98.8,203,-104.2,King
53033032003,"30,142","29,180",97%,"28,995",96%,-1%,181.9,366.3,-184.4,King
53033032005,"1,577","1,366",87%,"1,316",83%,-4%,31,80.1,-49.1,King
53033032006,"1,912","1,784",93%,"1,770",93%,0%,34.5,49.3,-14.7,King
53033032007,"2,912","2,648",91%,"2,601",89%,-2%,27.1,74.3,-47.2,King
53033032008,606,558,92%,559,92%,0%,7.5,6.9,0.6,King
53033032010,"1,305","1,145",88%,"1,111",85%,-3%,30.5,64.6,-34.1,King
53033032011,890,746,84%,731,82%,-2%,23.1,38,-14.9,King
53033032102,"19,719","19,189",97%,"19,148",97%,0%,131.5,172.6,-41,King
53033032103,985,780,79%,763,77%,-2%,29.1,46.8,-17.7,King
53033032104,"5,505","5,276",96%,"5,251",95%,-1%,15.8,40.4,-24.6,King
53033032207,"1,230","1,061",86%,"1,057",86%,0%,14.2,17.6,-3.4,King
53033032211,735,702,96%,694,94%,-2%,4.6,13,-8.4,King
53033032213,"1,070",978,91%,978,91%,0%,8.9,9,-0.1,King
53033032215,"3,944","3,595",91%,"3,588",91%,0%,58.7,66,-7.3,King
53033032216,"1,069","1,002",94%,"1,001",94%,0%,22.9,23.7,-0.8,King
53033032217,"1,423","1,358",95%,"1,367",96%,1%,27.3,18.6,8.7,King
53033032218,"1,090","1,009",93%,"1,003",92%,-1%,24.3,30.6,-6.2,King
53033032219,"1,632","1,314",80%,"1,294",79%,-1%,43.5,63,-19.6,King
53033032220,"1,505","1,128",75%,"1,143",76%,1%,83.1,67.9,15.2,King
53033032221,"8,792","8,279",94%,"8,263",94%,0%,86.5,102.8,-16.3,King
53033032222,317,291,92%,288,91%,-1%,3.1,5.9,-2.8,King
53033032223,527,502,95%,506,96%,1%,9.3,5,4.4,King
53033032224,746,708,95%,691,93%,-2%,8,24.6,-16.6,King
53033032225,952,865,91%,868,91%,0%,20.2,16.9,3.3,King
53033032307,"2,922","2,796",96%,"2,787",95%,-1%,11.9,21.3,-9.4,King
53033032311,"5,881","5,650",96%,"5,613",95%,-1%,17.6,54.1,-36.5,King
53033032313,"3,232","2,146",66%,"2,123",66%,0%,125.4,148.4,-23,King
53033032315,"11,335","9,312",82%,"9,128",81%,-1%,143.3,327.8,-184.6,King
53033032316,"1,545","1,475",95%,"1,462",95%,0%,9.1,21.9,-12.8,King
53033032317,"1,086","1,078",99%,"1,073",99%,0%,2.4,6.9,-4.4,King
53033032318,"1,817","1,718",95%,"1,705",94%,-1%,18.3,31.3,-13,King
53033032319,"1,697","1,204",71%,"1,198",71%,0%,54.9,60.6,-5.7,King
53033032320,"2,397","2,296",96%,"2,281",95%,-1%,19.8,35.1,-15.3,King
53033032321,"3,158","2,261",72%,"2,257",71%,-1%,74.1,77.9,-3.8,King
53033032322,"1,144","1,122",98%,"1,118",98%,0%,3.3,7.1,-3.9,King
53033032323,813,760,93%,762,94%,1%,16.4,13.7,2.7,King
53033032324,506,476,94%,470,93%,-1%,3.9,9.9,-6,King
53033032325,547,526,96%,530,97%,1%,8.1,4.5,3.5,King
53033032326,"2,542","2,341",92%,"2,321",91%,-1%,21.9,42.1,-20.1,King
53033032327,"4,023","3,741",93%,"3,758",93%,0%,77.5,60.3,17.2,King
53033032328,"2,101","2,025",96%,"2,007",96%,0%,6.5,24.8,-18.2,King
53033032330,"1,149",775,67%,755,66%,-1%,41.7,61.9,-20.2,King
53033032331,356,203,57%,186,52%,-5%,21.8,39,-17.2,King
53033032332,"1,180","1,140",97%,"1,143",97%,0%,16.9,14.4,2.5,King
53033032333,"1,205",995,83%,"1,068",89%,6%,113.5,40.7,72.8,King
53033032401,"14,185","10,378",73%,"10,066",71%,-2%,145.5,457.5,-312,King
53033032402,"6,368","5,440",85%,"5,336",84%,-1%,89.9,194.4,-104.5,King
53033032500,"53,775","49,702",92%,"49,737",92%,0%,1557.5,1522.2,35.3,King
53033032601,"15,405","13,226",86%,"13,095",85%,-1%,524.3,654.8,-130.5,King
53033032603,"3,166","2,598",82%,"2,608",82%,0%,55.3,45.3,10,King
53033032604,"3,225","2,805",87%,"2,901",90%,3%,156.4,60.9,95.5,King
53033032605,"1,152","1,057",92%,"1,062",92%,0%,17.5,12.3,5.2,King
53033032703,"2,499","2,064",83%,"2,064",83%,0%,40,39.1,0.9,King
53033032704,"4,280","3,291",77%,"3,195",75%,-2%,84.4,180.4,-96,King
53033032705,"13,147","12,799",97%,"12,783",97%,0%,82,98,-16,King
53033032706,"115,234","104,417",91%,"105,613",92%,1%,2040.5,844.1,1196.5,King
53033032800,"349,292","319,751",92%,"321,918",92%,0%,7454.4,5287.9,2166.5,King
53035080101,550,496,90%,477,87%,-3%,10.8,29.8,-19,Kitsap
53035080102,580,463,80%,417,72%,-8%,13.7,59.8,-46.1,Kitsap
53035080200,615,491,80%,443,72%,-8%,5.4,53.4,-48,Kitsap
53035080300,410,335,82%,302,74%,-8%,11.9,45.2,-33.2,Kitsap
53035080400,713,650,91%,622,87%,-4%,6.5,34.1,-27.6,Kitsap
53035080500,264,142,54%,130,49%,-5%,8.9,20.7,-11.7,Kitsap
53035080600,579,512,89%,495,86%,-3%,8.2,25.5,-17.3,Kitsap
53035080700,917,814,89%,801,87%,-2%,15.5,28.5,-13.1,Kitsap
53035080800,279,243,87%,235,84%,-3%,6,14,-8,Kitsap
53035080900,"3,563","2,891",81%,"2,722",76%,-5%,46.4,215.5,-169.1,Kitsap
53035081000,763,575,75%,533,70%,-5%,16.9,59.1,-42.2,Kitsap
53035081100,356,296,83%,281,79%,-4%,4.9,19.1,-14.2,Kitsap
53035081200,216,182,84%,161,74%,-10%,3.9,25.4,-21.5,Kitsap
53035081400,406,93,23%,85,21%,-2%,5.7,14,-8.2,Kitsap
53035090101,"11,462","10,536",92%,"10,079",88%,-4%,180.9,638.7,-457.9,Kitsap
53035090102,"11,833","10,632",90%,"10,454",88%,-2%,100.3,278.2,-177.9,Kitsap
53035090201,"3,953","3,538",89%,"3,486",88%,-1%,62.9,114.9,-52,Kitsap
53035090202,"12,919","11,924",92%,"11,446",89%,-3%,159.4,637.9,-478.6,Kitsap
53035090300,"7,079","6,107",86%,"6,079",86%,0%,106.1,134.4,-28.3,Kitsap
53035090400,"5,793","5,250",91%,"5,159",89%,-2%,57.5,148.4,-90.9,Kitsap
53035090501,"1,428","1,214",85%,"1,191",83%,-2%,28.9,52,-23.1,Kitsap
53035090502,"1,739","1,557",90%,"1,516",87%,-3%,35.3,76.2,-40.9,Kitsap
53035090700,"4,279","3,833",90%,"3,792",89%,-1%,22.2,63.6,-41.4,Kitsap
53035090800,"4,530","4,173",92%,"4,132",91%,-1%,22.7,63.8,-41.1,Kitsap
53035090901,609,524,86%,513,84%,-2%,10.1,20.8,-10.6,Kitsap
53035090902,"1,310","1,161",89%,"1,149",88%,-1%,16.1,28.5,-12.3,Kitsap
53035091001,"3,530","3,300",93%,"3,277",93%,0%,23.2,46.2,-23,Kitsap
53035091002,"3,611","3,355",93%,"3,303",91%,-2%,22.6,75.1,-52.6,Kitsap
53035091100,"4,985","4,315",87%,"4,202",84%,-3%,51.2,164.4,-113.2,Kitsap
53035091201,"1,430","1,082",76%,"1,035",72%,-4%,36.3,83.3,-47,Kitsap
53035091204,880,754,86%,725,82%,-4%,16.4,45.1,-28.7,Kitsap
53035091205,"1,071","1,000",93%,955,89%,-4%,6.4,52.1,-45.7,Kitsap
53035091206,475,461,97%,443,93%,-4%,4.7,22.6,-17.9,Kitsap
53035091301,"8,669","8,402",97%,"8,309",96%,-1%,25.2,118.6,-93.4,Kitsap
53035091302,"8,465","7,973",94%,"7,886",93%,-1%,54.9,142.5,-87.6,Kitsap
53035091400,"2,026","1,877",93%,"1,826",90%,-3%,14.6,66,-51.4,Kitsap
53035091500,"1,251","1,127",90%,"1,092",87%,-3%,10.1,44.6,-34.5,Kitsap
53035091600,"1,250","1,181",94%,"1,149",92%,-2%,18.2,50,-31.8,Kitsap
53035091701,"1,332","1,284",96%,"1,272",96%,0%,9.9,22,-12.1,Kitsap
53035091702,529,509,96%,502,95%,-1%,7.6,14.8,-7.2,Kitsap
53035091800,"1,630","1,519",93%,"1,501",92%,-1%,18.7,36.9,-18.2,Kitsap
53035091900,973,901,93%,859,88%,-5%,11.2,52.9,-41.7,Kitsap
53035092000,"48,236","46,490",96%,"46,246",96%,0%,584.9,828.8,-243.9,Kitsap
53035092101,"11,650","10,589",91%,"10,281",88%,-3%,133.6,440.9,-307.3,Kitsap
53035092102,"5,708","5,026",88%,"4,928",86%,-2%,131.5,228.9,-97.4,Kitsap
53035092200,"1,359","1,262",93%,"1,244",91%,-2%,17,35.4,-18.4,Kitsap
53035092300,"1,840","1,614",88%,"1,552",84%,-4%,34.6,96.4,-61.8,Kitsap
53035092400,"1,509","1,388",92%,"1,365",90%,-2%,15.6,38.3,-22.7,Kitsap
53035092500,"2,994","2,787",93%,"2,715",91%,-2%,25.5,97.4,-71.9,Kitsap
53035092600,"3,007","2,697",90%,"2,648",88%,-2%,38.2,86.9,-48.7,Kitsap
53035092701,"6,306","5,618",89%,"5,553",88%,-1%,34.4,98.9,-64.5,Kitsap
53035092704,"4,468","4,147",93%,"4,085",91%,-2%,28,90.5,-62.5,Kitsap
53035092801,"2,950","2,716",92%,"2,670",91%,-1%,39.5,85.4,-45.9,Kitsap
53035092802,"6,538","6,147",94%,"6,054",93%,-1%,36.1,129.1,-93.1,Kitsap
53035092803,"4,514","4,134",92%,"4,076",90%,-2%,21.7,79.1,-57.4,Kitsap
53035092901,"17,709","16,802",95%,"16,715",94%,-1%,231.6,318.6,-87,Kitsap
53035092902,"6,883","5,949",86%,"5,861",85%,-1%,59.2,147.3,-88.1,Kitsap
53035940000,"3,388","3,159",93%,"3,134",92%,-1%,14.9,40.9,-26,Kitsap
53035940100,"6,960","6,336",91%,"6,217",89%,-2%,44.7,163.5,-118.8,Kitsap
53053060200,"3,863",508,13%,437,11%,-2%,96.2,167.5,-71.3,Pierce
53053060300,"1,397","1,202",86%,"1,172",84%,-2%,17.7,47.9,-30.2,Pierce
53053060400,626,590,94%,567,91%,-3%,6.4,29,-22.6,Pierce
53053060500,531,489,92%,481,91%,-1%,3.4,11.3,-8,Pierce
53053060600,526,456,87%,438,83%,-4%,8.5,26.2,-17.7,Pierce
53053060700,520,459,88%,440,84%,-4%,9.7,29.2,-19.4,Pierce
53053060800,638,568,89%,528,83%,-6%,12.4,52.4,-40,Pierce
53053060903,577,521,90%,512,89%,-1%,6.7,16.1,-9.4,Pierce
53053060904,482,423,88%,399,83%,-5%,10.7,34.4,-23.7,Pierce
53053060906,389,269,69%,250,64%,-5%,11.8,30.4,-18.6,Pierce
53053060907,321,283,88%,260,81%,-7%,6.7,29.6,-22.9,Pierce
53053060908,432,381,88%,357,83%,-5%,4.1,27.3,-23.2,Pierce
53053061001,713,633,89%,611,86%,-3%,7.7,28.9,-21.2,Pierce
53053061002,751,501,67%,475,63%,-4%,27.6,53.8,-26.2,Pierce
53053061100,"1,086",855,79%,829,76%,-3%,37.7,63.2,-25.6,Pierce
53053061200,467,392,84%,361,77%,-7%,11.8,43.2,-31.4,Pierce
53053061300,389,294,75%,250,64%,-11%,7.3,50.7,-43.4,Pierce
53053061400,229,122,53%,109,47%,-6%,10.1,23.9,-13.8,Pierce
53053061501,135,77,57%,74,55%,-2%,6.4,9.2,-2.8,Pierce
53053061502,154,117,76%,108,70%,-6%,3.4,12.2,-8.7,Pierce
53053061601,188,33,17%,37,20%,3%,11.2,6.6,4.5,Pierce
53053061602,261,109,42%,94,36%,-6%,10.1,25.1,-15,Pierce
53053061700,653,457,70%,420,64%,-6%,24.8,62,-37.2,Pierce
53053061800,342,245,72%,203,59%,-13%,8,49.6,-41.6,Pierce
53053061900,257,202,78%,174,68%,-10%,4.8,32.4,-27.6,Pierce
53053062000,519,410,79%,357,69%,-10%,7.8,60.2,-52.4,Pierce
53053062300,607,501,83%,476,78%,-5%,26,51.5,-25.6,Pierce
53053062400,560,483,86%,449,80%,-6%,14.6,48.5,-34,Pierce
53053062501,412,348,84%,313,76%,-8%,10.9,45.6,-34.7,Pierce
53053062502,305,261,86%,242,79%,-7%,4.7,24,-19.3,Pierce
53053062600,"1,719",551,32%,481,28%,-4%,49.9,119.9,-70,Pierce
53053062801,933,586,63%,551,59%,-4%,30.3,65.5,-35.3,Pierce
53053062802,744,436,59%,379,51%,-8%,19.8,76.4,-56.6,Pierce
53053062901,239,181,76%,159,66%,-10%,9.8,32,-22.2,Pierce
53053062902,498,330,66%,243,49%,-17%,8.4,95.6,-87.2,Pierce
53053063000,545,356,65%,310,57%,-8%,18.5,64.8,-46.4,Pierce
53053063100,605,510,84%,469,77%,-7%,14.6,56.1,-41.5,Pierce
53053063200,584,486,83%,448,77%,-6%,14.9,53.2,-38.2,Pierce
53053063301,466,410,88%,401,86%,-2%,8.1,17.6,-9.5,Pierce
53053063302,370,286,77%,271,73%,-4%,15.4,31,-15.7,Pierce
53053063401,477,407,85%,382,80%,-5%,10.3,35.2,-24.9,Pierce
53053063402,477,400,84%,365,77%,-7%,9.5,44,-34.5,Pierce
53053063501,475,383,81%,344,73%,-8%,8.5,47.2,-38.6,Pierce
53053063502,479,416,87%,370,77%,-10%,10.2,55.7,-45.5,Pierce
53053070100,"471,694","402,175",85%,"400,297",85%,0%,10442.9,12320.5,-1877.6,Pierce
53053070204,"1,294",960,74%,940,73%,-1%,16.3,35.8,-19.4,Pierce
53053070205,"4,758","2,973",62%,"2,871",60%,-2%,53.3,155.1,-101.9,Pierce
53053070206,"9,739","8,836",91%,"8,560",88%,-3%,95.8,371.2,-275.4,Pierce
53053070207,"8,292","6,783",82%,"6,551",79%,-3%,101.3,333.7,-232.4,Pierce
53053070208,"5,490","4,827",88%,"4,208",77%,-11%,214.6,833.2,-618.6,Pierce
53053070209,"3,426","3,028",88%,"2,963",86%,-2%,166.6,232,-65.3,Pierce
53053070307,"6,072","4,312",71%,"4,292",71%,0%,114.7,135.5,-20.7,Pierce
53053070308,813,759,93%,746,92%,-1%,12.3,25.1,-12.9,Pierce
53053070309,"2,695","2,058",76%,"2,027",75%,-1%,68.7,99,-30.3,Pierce
53053070310,"1,401","1,219",87%,"1,189",85%,-2%,38.3,68.4,-30.1,Pierce
53053070311,"1,232","1,053",85%,"1,016",82%,-3%,18,55.4,-37.3,Pierce
53053070312,"2,052","1,395",68%,"1,396",68%,0%,90.1,89.2,0.9,Pierce
53053070313,"3,196","2,896",91%,"2,783",87%,-4%,63.4,176.3,-113,Pierce
53053070314,892,800,90%,752,84%,-6%,29.4,77.8,-48.4,Pierce
53053070315,"1,906","1,649",87%,"1,691",89%,2%,95.6,53.6,42,Pierce
53053070316,861,719,83%,759,88%,5%,67.6,27.5,40.1,Pierce
53053070401,"2,402","1,398",58%,"1,287",54%,-4%,49.5,160.3,-110.8,Pierce
53053070403,"3,410","1,866",55%,"1,844",54%,-1%,110.6,133.4,-22.9,Pierce
53053070404,"1,324",743,56%,812,61%,5%,125.1,56.3,68.8,Pierce
53053070703,"1,432","1,113",78%,"1,049",73%,-5%,23.4,87.3,-63.9,Pierce
53053071100,"1,610","1,105",69%,"1,056",66%,-3%,34.9,83.8,-48.9,Pierce
53053071205,"1,934","1,562",81%,"1,508",78%,-3%,38.1,93,-54.9,Pierce
53053071206,"1,950","1,608",82%,"1,531",79%,-3%,38.7,115.7,-77.1,Pierce
53053071207,"1,209",990,82%,974,81%,-1%,45.1,61.3,-16.2,Pierce
53053071209,575,556,97%,544,95%,-2%,2.2,14.1,-11.9,Pierce
53053071210,"2,170","1,687",78%,"1,678",77%,-1%,71.5,80.8,-9.2,Pierce
53053071211,521,443,85%,428,82%,-3%,11.7,26.5,-14.9,Pierce
53053071212,388,340,88%,349,90%,2%,20.8,11.6,9.3,Pierce
53053071304,"1,328","1,127",85%,"1,071",81%,-4%,26.3,81.6,-55.3,Pierce
53053071305,"2,462","1,839",75%,"1,778",72%,-3%,47,108.1,-61,Pierce
53053071306,"3,024","2,476",82%,"2,408",80%,-2%,46,113.8,-67.8,Pierce
53053071307,"1,290","1,130",88%,"1,081",84%,-4%,19.4,69.3,-49.9,Pierce
53053071309,"1,022",882,86%,816,80%,-6%,19.7,85.4,-65.8,Pierce
53053071310,"1,607","1,472",92%,"1,419",88%,-4%,30.5,83.6,-53.1,Pierce
53053071403,"1,507","1,110",74%,"1,090",72%,-2%,30.7,50.4,-19.7,Pierce
53053071408,723,574,79%,537,74%,-5%,12.3,49.4,-37.1,Pierce
53053071409,525,452,86%,409,78%,-8%,8.4,51.3,-42.9,Pierce
53053071411,833,524,63%,541,65%,2%,84.1,67.2,16.9,Pierce
53053071412,"1,694","1,084",64%,"1,038",61%,-3%,80.4,126.4,-46.1,Pierce
53053071413,"2,375","1,191",50%,"1,034",44%,-6%,75.2,231.9,-156.7,Pierce
53053071414,794,645,81%,614,77%,-4%,27.5,58.8,-31.3,Pierce
53053071415,"1,292","1,170",91%,"1,137",88%,-3%,16,48.8,-32.8,Pierce
53053071416,593,304,51%,279,47%,-4%,24.3,49.4,-25.1,Pierce
53053071417,855,626,73%,686,80%,7%,89.5,29.6,60,Pierce
53053071503,"1,410","1,122",80%,"1,059",75%,-5%,20.2,83.8,-63.6,Pierce
53053071504,655,471,72%,422,64%,-8%,11.7,60.7,-49,Pierce
53053071505,"1,120",946,84%,889,79%,-5%,16.8,73.3,-56.4,Pierce
53053071506,963,792,82%,776,81%,-1%,26.6,42.8,-16.2,Pierce
53053071601,997,824,83%,784,79%,-4%,22.8,63.7,-40.9,Pierce
53053071603,680,544,80%,523,77%,-3%,12.2,33.6,-21.5,Pierce
53053071604,481,342,71%,334,69%,-2%,21.6,29.3,-7.7,Pierce
53053071703,228,147,65%,136,60%,-5%,12.4,23.8,-11.4,Pierce
53053071704,334,200,60%,176,53%,-7%,7,31.9,-24.9,Pierce
53053071705,590,476,81%,432,73%,-8%,7.9,52,-44.1,Pierce
53053071706,398,213,54%,200,50%,-4%,18.6,31.4,-12.8,Pierce
53053071707,314,243,77%,201,64%,-13%,4.2,45.7,-41.6,Pierce
53053071803,"1,138",829,73%,796,70%,-3%,28.4,61.2,-32.8,Pierce
53053071805,333,151,45%,111,33%,-12%,12.7,52.5,-39.8,Pierce
53053071806,410,244,59%,210,51%,-8%,16.7,50.5,-33.8,Pierce
53053071807,"1,048",412,39%,384,37%,-2%,37.2,64.9,-27.7,Pierce
53053071808,513,315,61%,272,53%,-8%,12.2,54.6,-42.4,Pierce
53053071901,"1,032",765,74%,697,68%,-6%,20.4,88.4,-67.9,Pierce
53053071902,"1,959","1,411",72%,"1,376",70%,-2%,17.4,52.3,-34.9,Pierce
53053072000,645,450,70%,358,56%,-14%,11.1,103.4,-92.3,Pierce
53053072105,"1,159",997,86%,983,85%,-1%,15.4,29.5,-14.1,Pierce
53053072106,843,704,84%,673,80%,-4%,10.4,41.9,-31.4,Pierce
53053072107,"1,247",961,77%,924,74%,-3%,11.9,49.3,-37.4,Pierce
53053072108,811,721,89%,678,84%,-5%,7.3,50.2,-42.9,Pierce
53053072109,"1,050",918,87%,902,86%,-1%,11.5,27.4,-15.9,Pierce
53053072111,481,458,95%,444,92%,-3%,4.6,18.9,-14.2,Pierce
53053072112,595,507,85%,492,83%,-2%,8.1,23.1,-15,Pierce
53053072305,"1,005",955,95%,937,93%,-2%,15,32.6,-17.6,Pierce
53053072307,483,456,94%,451,93%,-1%,7.8,12.9,-5.1,Pierce
53053072309,836,771,92%,755,90%,-2%,11,27.4,-16.4,Pierce
53053072310,519,443,85%,438,84%,-1%,13.1,18.6,-5.5,Pierce
53053072311,606,485,80%,464,77%,-3%,20.8,41.2,-20.4,Pierce
53053072312,608,569,94%,558,92%,-2%,10.5,21,-10.4,Pierce
53053072313,632,587,93%,593,94%,1%,20.7,14.8,5.9,Pierce
53053072314,663,634,96%,637,96%,0%,9.6,6,3.6,Pierce
53053072315,"1,275",828,65%,841,66%,1%,60.6,47.1,13.5,Pierce
53053072405,"3,009","2,681",89%,"2,648",88%,-1%,21,53.3,-32.3,Pierce
53053072406,"4,150","4,011",97%,"3,967",96%,-1%,24.4,67.6,-43.2,Pierce
53053072407,"1,395","1,283",92%,"1,256",90%,-2%,15.9,43.2,-27.3,Pierce
53053072408,"3,795","3,301",87%,"3,237",85%,-2%,39.5,103.3,-63.7,Pierce
53053072409,"1,450","1,261",87%,"1,245",86%,-1%,16.3,32.3,-16,Pierce
53053072410,"3,316","3,075",93%,"3,022",91%,-2%,21,73.9,-52.9,Pierce
53053072503,"4,098","3,645",89%,"3,596",88%,-1%,27.8,76.4,-48.6,Pierce
53053072504,"3,747","3,354",90%,"3,288",88%,-2%,29.7,95.3,-65.6,Pierce
53053072506,"3,776","3,606",95%,"3,571",95%,0%,15.7,50.1,-34.3,Pierce
53053072507,"1,052",953,91%,935,89%,-2%,22.3,40.8,-18.5,Pierce
53053072508,"3,355","3,224",96%,"3,188",95%,-1%,11.4,47.8,-36.5,Pierce
53053072509,"2,002","1,874",94%,"1,809",90%,-4%,45.7,110.9,-65.2,Pierce
53053072601,"11,003","10,389",94%,"10,212",93%,-1%,92.8,269.4,-176.6,Pierce
53053072602,"10,626","9,860",93%,"9,730",92%,-1%,80.8,211.4,-130.6,Pierce
53053072603,"22,870","20,196",88%,"19,869",87%,-1%,209.4,536.7,-327.3,Pierce
53053072801,"3,320","2,039",61%,"2,045",62%,1%,280.1,273.5,6.6,Pierce
53053072802,"1,078",907,84%,892,83%,-1%,35.7,50.9,-15.2,Pierce
53053072901,"4,533","2,623",58%,"2,506",55%,-3%,68.7,185.7,-117,Pierce
53053072903,"6,570","4,674",71%,"4,533",69%,-2%,113.5,254.7,-141.2,Pierce
53053072907,"4,004","2,735",68%,"2,575",64%,-4%,87.4,247,-159.6,Pierce
53053072908,"1,446",744,51%,675,47%,-4%,32.7,101.6,-68.9,Pierce
53053072909,"56,963","46,033",81%,"44,048",77%,-4%,1003.5,2988.6,-1985.2,Pierce
53053073001,"16,146","10,807",67%,"10,223",63%,-4%,197,780.5,-583.5,Pierce
53053073005,"13,288","10,565",80%,"9,967",75%,-5%,129.2,727.3,-598.2,Pierce
53053073006,"29,954","25,726",86%,"24,421",82%,-4%,233.4,1539,-1305.6,Pierce
53053073110,"1,416","1,182",83%,"1,159",82%,-1%,23,45.5,-22.5,Pierce
53053073111,923,849,92%,777,84%,-8%,13.4,85.1,-71.7,Pierce
53053073114,"1,709","1,436",84%,"1,365",80%,-4%,20.9,92.2,-71.3,Pierce
53053073115,"1,694","1,519",90%,"1,480",87%,-3%,15,53.3,-38.3,Pierce
53053073116,"3,989","3,203",80%,"3,147",79%,-1%,83.6,139.8,-56.2,Pierce
53053073117,"12,275","9,118",74%,"8,696",71%,-3%,128.8,550.4,-421.6,Pierce
53053073118,"7,791","6,200",80%,"6,008",77%,-3%,110.3,302.1,-191.7,Pierce
53053073119,"24,523","21,425",87%,"21,265",87%,0%,662.5,822.9,-160.4,Pierce
53053073120,820,658,80%,682,83%,3%,53,28.6,24.4,Pierce
53053073121,704,549,78%,546,77%,-1%,22.2,26,-3.7,Pierce
53053073122,"1,244",890,72%,892,72%,0%,49,46.7,2.3,Pierce
53053073123,"2,337","1,977",85%,"1,734",74%,-11%,74.5,317.5,-243.1,Pierce
53053073124,968,839,87%,846,87%,0%,41.9,34.4,7.5,Pierce
53053073126,347,273,79%,304,88%,9%,41.1,10.2,30.9,Pierce
53053073127,"1,150",965,84%,938,82%,-2%,54.5,81.4,-26.9,Pierce
53053073128,"1,297","1,019",79%,"1,029",79%,0%,62.7,52.7,10,Pierce
53053073129,703,515,73%,440,63%,-10%,61.3,136.4,-75.1,Pierce
53053073130,"3,895","3,298",85%,"3,058",79%,-6%,54.9,294.8,-239.8,Pierce
53053073131,440,404,92%,378,86%,-6%,13.4,39.3,-25.9,Pierce
53053073132,525,456,87%,493,94%,7%,47.5,10.5,37,Pierce
53053073133,581,490,84%,492,85%,1%,22.6,21,1.7,Pierce
53053073200,"136,439","128,612",94%,"128,255",94%,0%,3688.4,4045.5,-357.1,Pierce
53053073301,"3,655","1,621",44%,"1,526",42%,-2%,175.4,270.6,-95.1,Pierce
53053073302,750,584,78%,571,76%,-2%,30.2,43.5,-13.3,Pierce
53053073404,"1,583","1,279",81%,"1,247",79%,-2%,40.1,71.5,-31.5,Pierce
53053073405,734,668,91%,645,88%,-3%,12.9,35.8,-22.9,Pierce
53053073406,"1,069",819,77%,799,75%,-2%,29.3,49.3,-20,Pierce
53053073407,576,336,58%,309,54%,-4%,19.5,46.6,-27.1,Pierce
53053073408,674,546,81%,527,78%,-3%,26.6,45.7,-19.1,Pierce
53053073501,"2,105","1,763",84%,"1,678",80%,-4%,38.5,124,-85.5,Pierce
53053073502,"1,940","1,648",85%,"1,588",82%,-3%,31.8,91.9,-60.1,Pierce
53053940001,739,690,93%,681,92%,-1%,1.5,11.2,-9.8,Pierce
53053940002,"3,338","1,713",51%,"1,633",49%,-2%,141,221.1,-80.1,Pierce
53053940004,"4,401","3,091",70%,"3,045",69%,-1%,106.9,152.7,-45.8,Pierce
53053940005,"1,052",960,91%,947,90%,-1%,27.1,40.4,-13.3,Pierce
53053940006,451,364,81%,403,89%,8%,50,11.6,38.4,Pierce
53053940007,613,520,85%,485,79%,-6%,11.2,46.4,-35.2,Pierce
53053940008,755,701,93%,687,91%,-2%,8.4,21.8,-13.5,Pierce
53053940009,"1,950","1,248",64%,"1,218",62%,-2%,83.1,112.4,-29.3,Pierce
53053940010,"2,191","1,055",48%,"1,046",48%,0%,114.2,123.2,-9,Pierce
53053940011,927,890,96%,889,96%,0%,9.4,11,-1.6,Pierce
53053940012,606,328,54%,299,49%,-5%,29.1,57.4,-28.3,Pierce
53053940013,427,249,58%,281,66%,8%,77.1,45.2,31.8,Pierce
53061040100,"1,112",662,60%,655,59%,-1%,33.1,39.6,-6.5,Snohomish
53061040200,661,382,58%,362,55%,-3%,26.8,46.8,-20.1,Snohomish
53061040300,259,226,87%,217,84%,-3%,4.4,13.8,-9.4,Snohomish
53061040400,386,232,60%,222,58%,-2%,8.7,17.8,-9.1,Snohomish
53061040500,450,281,63%,268,60%,-3%,8.2,21.8,-13.6,Snohomish
53061040700,688,218,32%,210,31%,-1%,29.6,37.8,-8.1,Snohomish
53061040800,353,169,48%,167,47%,-1%,7.5,9.1,-1.6,Snohomish
53061040900,815,760,93%,756,93%,0%,5.8,10.3,-4.5,Snohomish
53061041000,754,606,80%,589,78%,-2%,15.5,32.5,-17,Snohomish
53061041100,679,592,87%,573,84%,-3%,7.2,26.1,-18.9,Snohomish
53061041201,368,363,99%,361,98%,-1%,0.8,2.7,-1.9,Snohomish
53061041202,670,506,75%,497,74%,-1%,21.3,30.4,-9.1,Snohomish
53061041301,"1,149","1,017",89%,996,87%,-2%,15.4,36.9,-21.6,Snohomish
53061041303,940,690,73%,700,75%,2%,38.8,28.3,10.6,Snohomish
53061041304,"2,510","1,764",70%,"1,695",68%,-2%,35.9,105,-69.1,Snohomish
53061041400,856,773,90%,737,86%,-4%,14.2,50.6,-36.4,Snohomish
53061041500,"1,335",763,57%,730,55%,-2%,42.2,75.5,-33.3,Snohomish
53061041601,"1,154","1,061",92%,"1,041",90%,-2%,16.5,37,-20.5,Snohomish
53061041605,611,567,93%,563,92%,-1%,8.5,12,-3.6,Snohomish
53061041606,635,575,91%,583,92%,1%,30.5,22.3,8.2,Snohomish
53061041607,723,708,98%,690,95%,-3%,3.5,21.6,-18.1,Snohomish
53061041609,495,470,95%,466,94%,-1%,4.9,8.8,-3.9,Snohomish
53061041610,434,404,93%,414,95%,2%,13.8,3.8,10,Snohomish
53061041701,831,577,69%,569,68%,-1%,39.6,47.6,-8,Snohomish
53061041703,971,856,88%,844,87%,-1%,25.4,37.2,-11.8,Snohomish
53061041704,"1,000",891,89%,881,88%,-1%,24.9,35.7,-10.7,Snohomish
53061041805,808,513,64%,502,62%,-2%,23.6,35.4,-11.8,Snohomish
53061041808,418,330,79%,319,76%,-3%,11.5,22.6,-11.1,Snohomish
53061041809,267,229,86%,218,82%,-4%,8.2,19.1,-10.9,Snohomish
53061041810,221,179,81%,182,83%,2%,11.3,7.6,3.8,Snohomish
53061041812,462,341,74%,338,73%,-1%,28.5,31.2,-2.7,Snohomish
53061041813,348,289,83%,271,78%,-5%,6,24.2,-18.2,Snohomish
53061041814,363,324,89%,320,88%,-1%,8.7,12.6,-3.9,Snohomish
53061041815,414,328,79%,320,77%,-2%,10.4,19,-8.5,Snohomish
53061041816,421,404,96%,391,93%,-3%,8.6,21.4,-12.7,Snohomish
53061041901,"2,186",985,45%,899,41%,-4%,50.1,135.9,-85.8,Snohomish
53061041904,353,255,72%,252,71%,-1%,16.6,19.9,-3.3,Snohomish
53061041905,550,458,83%,443,80%,-3%,13.9,29.5,-15.6,Snohomish
53061041906,592,375,63%,370,62%,-1%,26.4,31.4,-5,Snohomish
53061041907,251,190,75%,186,74%,-1%,8.4,12.2,-3.9,Snohomish
53061042001,"1,199","1,154",96%,"1,140",95%,-1%,3.9,17.8,-13.9,Snohomish
53061042003,671,653,97%,639,95%,-2%,0.8,14.3,-13.5,Snohomish
53061042004,627,550,88%,531,85%,-3%,9.3,28.1,-18.8,Snohomish
53061042005,"1,579","1,452",92%,"1,434",91%,-1%,13.9,32.8,-18.9,Snohomish
53061042006,660,465,70%,447,68%,-2%,25.3,43.6,-18.3,Snohomish
53061050101,626,619,99%,597,95%,-4%,0.2,22,-21.8,Snohomish
53061050102,446,418,94%,409,92%,-2%,7.1,15.8,-8.7,Snohomish
53061050200,"1,116","1,060",95%,"1,057",95%,0%,9.6,12,-2.4,Snohomish
53061050300,921,888,96%,875,95%,-1%,2.5,15.7,-13.2,Snohomish
53061050402,706,626,89%,610,86%,-3%,14.4,30.3,-15.9,Snohomish
53061050403,567,550,97%,544,96%,-1%,3,9.7,-6.7,Snohomish
53061050404,257,234,91%,222,86%,-5%,3.6,16.1,-12.5,Snohomish
53061050501,421,239,57%,233,55%,-2%,21,27.4,-6.4,Snohomish
53061050502,425,398,93%,389,91%,-2%,6.6,15.8,-9.2,Snohomish
53061050600,780,715,92%,706,91%,-1%,3.4,12.5,-9.1,Snohomish
53061050700,766,702,92%,698,91%,-1%,19.4,23.2,-3.7,Snohomish
53061050800,790,714,90%,696,88%,-2%,11.1,29.2,-18,Snohomish
53061050900,407,280,69%,273,67%,-2%,10.7,17.8,-7.1,Snohomish
53061051000,888,691,78%,661,74%,-4%,21.2,51.4,-30.2,Snohomish
53061051100,508,458,90%,423,83%,-7%,7.5,42.6,-35.1,Snohomish
53061051200,519,486,94%,468,90%,-4%,5.2,22.7,-17.5,Snohomish
53061051301,356,333,94%,325,91%,-3%,5.7,13.2,-7.5,Snohomish
53061051302,372,365,98%,361,97%,-1%,1.1,5.1,-3.9,Snohomish
53061051401,383,238,62%,220,57%,-5%,15.1,32.9,-17.8,Snohomish
53061051402,626,440,70%,412,66%,-4%,26.7,54.8,-28.1,Snohomish
53061051500,811,658,81%,630,78%,-3%,23.5,52,-28.4,Snohomish
53061051601,605,529,87%,511,85%,-2%,10.3,28.2,-17.9,Snohomish
53061051602,507,448,88%,438,86%,-2%,9.2,19.6,-10.4,Snohomish
53061051701,615,462,75%,453,74%,-1%,18,27.8,-9.8,Snohomish
53061051702,535,458,86%,442,83%,-3%,13.2,29.1,-15.9,Snohomish
53061051802,"1,216",953,78%,922,76%,-2%,32.8,63.8,-31,Snohomish
53061051803,395,320,81%,303,77%,-4%,12.1,28.7,-16.6,Snohomish
53061051804,582,517,89%,505,87%,-2%,22.1,33.9,-11.8,Snohomish
53061051912,"3,325","2,838",85%,"2,812",85%,0%,57.4,83.6,-26.2,Snohomish
53061051913,979,931,95%,918,94%,-1%,9.2,22.5,-13.3,Snohomish
53061051914,847,823,97%,809,96%,-1%,4.2,18.2,-13.9,Snohomish
53061051916,730,679,93%,672,92%,-1%,13.7,21,-7.4,Snohomish
53061051917,725,671,93%,664,92%,-1%,9.3,16,-6.7,Snohomish
53061051918,"1,107","1,007",91%,987,89%,-2%,23,42.7,-19.7,Snohomish
53061051921,606,567,93%,553,91%,-2%,11.8,25.9,-14.1,Snohomish
53061051922,900,836,93%,829,92%,-1%,26.1,33.3,-7.3,Snohomish
53061051926,"2,096","1,928",92%,"1,914",91%,-1%,43.4,57.3,-13.8,Snohomish
53061051927,"1,138","1,076",95%,"1,036",91%,-4%,19.9,60,-40.1,Snohomish
53061051928,569,478,84%,462,81%,-3%,14.2,29.5,-15.3,Snohomish
53061051929,559,491,88%,481,86%,-2%,11.6,21.6,-10,Snohomish
53061051930,754,640,85%,621,82%,-3%,11.7,30.2,-18.5,Snohomish
53061051931,446,421,95%,418,94%,-1%,14,17,-3,Snohomish
53061051932,578,564,97%,556,96%,-1%,3.5,11,-7.5,Snohomish
53061051933,514,426,83%,421,82%,-1%,19.3,25.1,-5.8,Snohomish
53061051934,406,364,90%,365,90%,0%,14.5,12.8,1.6,Snohomish
53061051935,393,377,96%,371,94%,-2%,4.3,10.4,-6.1,Snohomish
53061051936,263,230,87%,230,88%,1%,9.7,8.8,0.9,Snohomish
53061051937,"1,002",838,84%,854,85%,1%,53.1,37,16.1,Snohomish
53061051938,979,848,87%,814,83%,-4%,33.8,67.8,-34,Snohomish
53061052004,821,734,89%,735,89%,0%,27.8,26.9,1,Snohomish
53061052005,886,868,98%,847,96%,-2%,2.7,23.8,-21,Snohomish
53061052006,477,474,99%,470,99%,0%,1.3,4.7,-3.5,Snohomish
53061052007,542,498,92%,502,93%,1%,16.3,12.3,4,Snohomish
53061052008,485,396,82%,386,80%,-2%,31.5,41.4,-9.9,Snohomish
53061052009,575,509,89%,494,86%,-3%,28.4,43.7,-15.3,Snohomish
53061052010,396,335,85%,344,87%,2%,21.5,12.9,8.6,Snohomish
53061052104,"11,314","4,635",41%,"4,079",36%,-5%,263,818.9,-555.9,Snohomish
53061052105,"13,499","5,601",41%,"5,376",40%,-1%,266.6,490.9,-224.3,Snohomish
53061052107,"3,080","2,929",95%,"2,842",92%,-3%,37.5,124.4,-86.9,Snohomish
53061052108,"5,795","5,014",87%,"4,885",84%,-3%,79.8,208.6,-128.7,Snohomish
53061052112,"3,623","3,370",93%,"3,318",92%,-1%,21.1,72.3,-51.2,Snohomish
53061052113,"5,518","4,463",81%,"4,543",82%,1%,234.9,155.2,79.8,Snohomish
53061052114,"1,622","1,549",95%,"1,552",96%,1%,21.8,18.9,2.9,Snohomish
53061052119,334,314,94%,315,94%,0%,4.9,4.1,0.8,Snohomish
53061052120,403,393,98%,391,97%,-1%,1.6,3.9,-2.3,Snohomish
53061052121,655,612,93%,597,91%,-2%,7,21.9,-14.8,Snohomish
53061052122,"2,123","1,890",89%,"1,845",87%,-2%,43.3,87.6,-44.4,Snohomish
53061052203,"4,270","3,146",74%,"2,990",70%,-4%,89.7,245.2,-155.5,Snohomish
53061052204,"2,204",920,42%,979,44%,2%,123.2,64.1,59.1,Snohomish
53061052206,"12,898","12,088",94%,"11,930",92%,-2%,152.1,309.9,-157.8,Snohomish
53061052207,"16,624","14,672",88%,"14,701",88%,0%,317.9,289.1,28.7,Snohomish
53061052208,462,378,82%,363,78%,-4%,14.7,30.4,-15.7,Snohomish
53061052210,731,468,64%,467,64%,0%,28.5,29.9,-1.4,Snohomish
53061052211,"1,411",709,50%,714,51%,1%,85.7,81.2,4.5,Snohomish
53061052301,"9,883","9,112",92%,"8,926",90%,-2%,69.2,254.6,-185.4,Snohomish
53061052302,"8,453","5,765",68%,"5,588",66%,-2%,179.8,356.4,-176.5,Snohomish
53061052401,"1,025",817,80%,795,78%,-2%,19.8,42.4,-22.6,Snohomish
53061052402,610,404,66%,382,63%,-3%,8.9,30.4,-21.5,Snohomish
53061052502,"3,566","2,818",79%,"2,729",77%,-2%,78.4,167.5,-89.1,Snohomish
53061052504,"1,946","1,771",91%,"1,702",87%,-4%,26.6,95.3,-68.7,Snohomish
53061052505,644,553,86%,563,87%,1%,44.4,34.6,9.9,Snohomish
53061052506,590,548,93%,532,90%,-3%,12,28.2,-16.2,Snohomish
53061052603,"1,866","1,720",92%,"1,678",90%,-2%,19.3,61.6,-42.3,Snohomish
53061052604,907,800,88%,770,85%,-3%,17.8,48.5,-30.6,Snohomish
53061052605,"1,172","1,047",89%,"1,016",87%,-2%,15.1,45.5,-30.5,Snohomish
53061052606,"3,252","2,827",87%,"2,787",86%,-1%,51.9,92,-40.1,Snohomish
53061052607,"2,509","2,166",86%,"2,118",84%,-2%,37.9,86.4,-48.5,Snohomish
53061052701,"5,053","4,509",89%,"4,412",87%,-2%,46.8,144.5,-97.7,Snohomish
53061052706,"1,232","1,102",89%,"1,097",89%,0%,40.2,45.6,-5.4,Snohomish
53061052707,"1,306","1,179",90%,"1,127",86%,-4%,33,85.6,-52.6,Snohomish
53061052708,781,747,96%,739,95%,-1%,9.3,17.1,-7.8,Snohomish
53061052709,"4,977","4,308",87%,"4,274",86%,-1%,72.2,106.8,-34.6,Snohomish
53061052710,640,624,97%,622,97%,0%,10.4,12.2,-1.9,Snohomish
53061052711,"3,336","2,852",86%,"2,814",84%,-2%,74.5,112.4,-37.9,Snohomish
53061052803,"3,480","1,193",34%,"1,109",32%,-2%,88.6,172.8,-84.2,Snohomish
53061052805,"1,051",915,87%,865,82%,-5%,19.6,69.1,-49.5,Snohomish
53061052807,661,527,80%,493,75%,-5%,17.5,51.3,-33.8,Snohomish
53061052808,"1,051",534,51%,514,49%,-2%,25.2,44.9,-19.7,Snohomish
53061052809,303,263,87%,266,88%,1%,11.8,8.9,2.8,Snohomish
53061052810,479,440,92%,430,90%,-2%,4.6,15.1,-10.5,Snohomish
53061052903,807,438,54%,359,44%,-10%,21.6,100.8,-79.2,Snohomish
53061052904,870,668,77%,670,77%,0%,38.2,36.4,1.8,Snohomish
53061052905,506,355,70%,324,64%,-6%,20,51.2,-31.2,Snohomish
53061052906,598,555,93%,517,87%,-6%,6.7,44.2,-37.5,Snohomish
53061053101,"6,772","4,457",66%,"4,381",65%,-1%,117.6,194.1,-76.4,Snohomish
53061053102,"6,229","4,657",75%,"4,541",73%,-2%,62.8,178.7,-115.9,Snohomish
53061053201,"11,837","6,860",58%,"6,870",58%,0%,292.9,282.8,10.1,Snohomish
53061053202,"6,164","5,122",83%,"5,012",81%,-2%,29.5,140.1,-110.6,Snohomish
53061053301,"6,141","1,482",24%,"1,476",24%,0%,135.5,141.4,-6,Snohomish
53061053302,"22,112","14,219",64%,"13,862",63%,-1%,366,722.9,-356.9,Snohomish
53061053400,"32,114","28,759",90%,"28,495",89%,-1%,761.6,1025.9,-264.4,Snohomish
53061053505,"12,436","10,965",88%,"10,660",86%,-2%,138.2,443.4,-305.2,Snohomish
53061053506,"64,111","57,982",90%,"57,631",90%,0%,1425.6,1776.6,-351,Snohomish
53061053507,"1,179",915,78%,926,79%,1%,47.5,36,11.6,Snohomish
53061053508,"3,708",976,26%,"1,027",28%,2%,123.4,72.3,51.1,Snohomish
53061053509,"2,080",811,39%,695,33%,-6%,21.3,137.7,-116.4,Snohomish
53061053510,"1,025",667,65%,631,62%,-3%,29.7,65.5,-35.8,Snohomish
53061053511,"1,937","1,789",92%,"1,766",91%,-1%,22.3,45.2,-23,Snohomish
53061053603,"10,248","9,149",89%,"8,947",87%,-2%,95.9,298.1,-202.2,Snohomish
53061053604,"3,973","2,972",75%,"2,919",73%,-2%,80.3,133.6,-53.3,Snohomish
53061053605,"9,561","9,178",96%,"8,865",93%,-3%,69.6,382.7,-313.1,Snohomish
53061053606,"123,879","116,594",94%,"116,480",94%,0%,1547.8,1661.2,-113.4,Snohomish
53061053700,"418,142","366,125",88%,"370,595",89%,1%,8826.6,4356.9,4469.7,Snohomish
53061053801,"281,962","257,312",91%,"259,400",92%,1%,5328.9,3241.2,2087.8,Snohomish
53061053802,"5,564","4,331",78%,"4,171",75%,-3%,58.5,218.6,-160.1,Snohomish
53061053803,"67,888","63,351",93%,"62,514",92%,-1%,1095.6,1932.5,-837,Snohomish
53061940001,"13,029","10,969",84%,"10,802",83%,-1%,108.8,275.4,-166.5,Snohomish
53061940002,"9,689","9,270",96%,"9,127",94%,-2%,43.6,186.3,-142.7,Snohomish
